url,slug,name,type,category,class,content_value,search_intent_match,unique_value,internal_link,index_decision,reason
https://codeconvert.net,/,Homepage,home,Home,A,7,8,6,9,Index,Homepage directory hub can rank for branded and broad code tool queries.
https://codeconvert.net/privacy-policy,privacy-policy,Privacy Policy,legal,Legal,B,4,2,3,3,Index optional,"Trust/legal page, not an organic acquisition target."
https://codeconvert.net/terms-of-service,terms-of-service,Terms Of Service,legal,Legal,B,4,2,3,3,Index optional,"Trust/legal page, not an organic acquisition target."
https://codeconvert.net/code-converter,code-converter,Code Converter,core,Code,A,7,8,7,8,Index and strengthen examples,Core product pages with broad code utility intent.
https://codeconvert.net/code-generator,code-generator,Code Generator,core,Code,A,7,8,7,8,Index and strengthen examples,Core product pages with broad code utility intent.
https://codeconvert.net/code-explainer,code-explainer,Code Explainer,core,Code,A,7,8,7,8,Index and strengthen examples,Core product pages with broad code utility intent.
https://codeconvert.net/comment-remover,comment-remover,Comment Remover,core,Code,A,7,8,7,8,Index and strengthen examples,Core product pages with broad code utility intent.
https://codeconvert.net/code-checker,code-checker,Code Checker,core,Code,A,7,8,7,8,Index and strengthen examples,Core product pages with broad code utility intent.
https://codeconvert.net/code-to-pdf,code-to-pdf,Code To Pdf,core,Code,A,7,8,7,8,Index and strengthen examples,Core product pages with broad code utility intent.
https://codeconvert.net/code-formatter,code-formatter,Code Formatter,directory,Formatter,B,5,6,4,6,Keep indexed only after page-specific upgrade,"Relevant utility intent, but needs unique definitions, examples, and tool-specific copy."
https://codeconvert.net/code-beautifier,code-beautifier,Code Beautifier,directory,Formatter,B,5,6,4,6,Keep indexed only after page-specific upgrade,"Relevant utility intent, but needs unique definitions, examples, and tool-specific copy."
https://codeconvert.net/code-minifier,code-minifier,Code Minifier,directory,Formatter,B,5,6,4,6,Keep indexed only after page-specific upgrade,"Relevant utility intent, but needs unique definitions, examples, and tool-specific copy."
https://codeconvert.net/code-diff,code-diff,Code Diff,directory,Other,B,3,3,2,4,Noindex recommended,Low or unclear search value under current template.
https://codeconvert.net/code-snippet-generator,code-snippet-generator,Code Snippet Generator,directory,Network,B,3,3,2,4,Noindex recommended,Low or unclear search value under current template.
https://codeconvert.net/code-commenter,code-commenter,Code Commenter,directory,Other,B,3,3,2,4,Noindex recommended,Low or unclear search value under current template.
https://codeconvert.net/code-refactor,code-refactor,Code Refactor,directory,Other,B,3,3,2,4,Noindex recommended,Low or unclear search value under current template.
https://codeconvert.net/code-optimizer,code-optimizer,Code Optimizer,directory,Other,B,3,3,2,4,Noindex recommended,Low or unclear search value under current template.
https://codeconvert.net/code-summarizer,code-summarizer,Code Summarizer,directory,Other,B,3,3,2,4,Noindex recommended,Low or unclear search value under current template.
https://codeconvert.net/code-documentation,code-documentation,Code Documentation,directory,Other,B,3,3,2,4,Noindex recommended,Low or unclear search value under current template.
https://codeconvert.net/unit-test-generator,unit-test-generator,Unit Test Generator,directory,Other,B,3,3,2,4,Noindex recommended,Low or unclear search value under current template.
https://codeconvert.net/api-code-generator,api-code-generator,Api Code Generator,directory,Other,B,3,3,2,4,Noindex recommended,Low or unclear search value under current template.
https://codeconvert.net/sql-query-builder,sql-query-builder,Sql Query Builder,directory,Other,B,3,3,2,4,Noindex recommended,Low or unclear search value under current template.
https://codeconvert.net/shell-script-generator,shell-script-generator,Shell Script Generator,directory,Network,B,3,3,2,4,Noindex recommended,Low or unclear search value under current template.
https://codeconvert.net/dockerfile-generator,dockerfile-generator,Dockerfile Generator,directory,Other,B,3,3,2,4,Noindex recommended,Low or unclear search value under current template.
https://codeconvert.net/readme-generator,readme-generator,Readme Generator,directory,Other,B,3,3,2,4,Noindex recommended,Low or unclear search value under current template.
https://codeconvert.net/json-viewer,json-viewer,Json Viewer,directory,JSON,A,7,9,6,7,Index and upgrade first,Clear standalone search demand and direct utility intent.
https://codeconvert.net/json-validator,json-validator,Json Validator,directory,JSON,A,7,9,6,7,Index and upgrade first,Clear standalone search demand and direct utility intent.
https://codeconvert.net/json-editor,json-editor,Json Editor,directory,JSON,B,5,6,4,6,Keep indexed only after page-specific upgrade,"Relevant utility intent, but needs unique definitions, examples, and tool-specific copy."
https://codeconvert.net/json-path-tester,json-path-tester,Json Path Tester,directory,JSON,B,5,6,4,6,Keep indexed only after page-specific upgrade,"Relevant utility intent, but needs unique definitions, examples, and tool-specific copy."
https://codeconvert.net/xml-viewer,xml-viewer,Xml Viewer,directory,XML,B,5,6,4,6,Keep indexed only after page-specific upgrade,"Relevant utility intent, but needs unique definitions, examples, and tool-specific copy."
https://codeconvert.net/xml-validator,xml-validator,Xml Validator,directory,XML,B,5,6,4,6,Keep indexed only after page-specific upgrade,"Relevant utility intent, but needs unique definitions, examples, and tool-specific copy."
https://codeconvert.net/xml-parser,xml-parser,Xml Parser,directory,XML,B,5,6,4,6,Keep indexed only after page-specific upgrade,"Relevant utility intent, but needs unique definitions, examples, and tool-specific copy."
https://codeconvert.net/xpath-tester,xpath-tester,Xpath Tester,directory,Other,B,3,3,2,4,Noindex recommended,Low or unclear search value under current template.
https://codeconvert.net/yaml-viewer,yaml-viewer,Yaml Viewer,directory,Other,B,3,3,2,4,Noindex recommended,Low or unclear search value under current template.
https://codeconvert.net/yaml-validator,yaml-validator,Yaml Validator,directory,Other,B,3,3,2,4,Noindex recommended,Low or unclear search value under current template.
https://codeconvert.net/html-viewer,html-viewer,Html Viewer,directory,HTML,B,5,6,4,6,Keep indexed only after page-specific upgrade,"Relevant utility intent, but needs unique definitions, examples, and tool-specific copy."
https://codeconvert.net/html-validator,html-validator,Html Validator,directory,HTML,B,5,6,4,6,Keep indexed only after page-specific upgrade,"Relevant utility intent, but needs unique definitions, examples, and tool-specific copy."
https://codeconvert.net/css-validator,css-validator,Css Validator,directory,CSS,B,5,6,4,6,Keep indexed only after page-specific upgrade,"Relevant utility intent, but needs unique definitions, examples, and tool-specific copy."
https://codeconvert.net/javascript-validator,javascript-validator,Javascript Validator,directory,Network,B,3,3,2,4,Noindex recommended,Low or unclear search value under current template.
https://codeconvert.net/javascript-obfuscator,javascript-obfuscator,Javascript Obfuscator,directory,Network,B,3,3,2,4,Noindex recommended,Low or unclear search value under current template.
https://codeconvert.net/string-to-json,string-to-json,String To Json,directory,JSON,B,5,6,4,6,Keep indexed only after page-specific upgrade,"Relevant utility intent, but needs unique definitions, examples, and tool-specific copy."
https://codeconvert.net/json-serialize,json-serialize,Json Serialize,directory,JSON,B,5,6,4,6,Keep indexed only after page-specific upgrade,"Relevant utility intent, but needs unique definitions, examples, and tool-specific copy."
https://codeconvert.net/json-deserialize,json-deserialize,Json Deserialize,directory,JSON,B,5,6,4,6,Keep indexed only after page-specific upgrade,"Relevant utility intent, but needs unique definitions, examples, and tool-specific copy."
https://codeconvert.net/xml-stringify,xml-stringify,Xml Stringify,directory,XML,B,5,6,4,6,Keep indexed only after page-specific upgrade,"Relevant utility intent, but needs unique definitions, examples, and tool-specific copy."
https://codeconvert.net/curl-to-php,curl-to-php,Curl To Php,directory,Network,B,3,3,2,4,Noindex recommended,Low or unclear search value under current template.
https://codeconvert.net/json-to-typescript,json-to-typescript,Json To Typescript,directory,JSON,B,5,6,4,6,Keep indexed only after page-specific upgrade,"Relevant utility intent, but needs unique definitions, examples, and tool-specific copy."
https://codeconvert.net/json-to-java,json-to-java,Json To Java,directory,JSON,B,5,6,4,6,Keep indexed only after page-specific upgrade,"Relevant utility intent, but needs unique definitions, examples, and tool-specific copy."
https://codeconvert.net/json-to-python,json-to-python,Json To Python,directory,JSON,B,5,6,4,6,Keep indexed only after page-specific upgrade,"Relevant utility intent, but needs unique definitions, examples, and tool-specific copy."
https://codeconvert.net/json-to-csharp,json-to-csharp,Json To Csharp,directory,JSON,B,5,6,4,6,Keep indexed only after page-specific upgrade,"Relevant utility intent, but needs unique definitions, examples, and tool-specific copy."
https://codeconvert.net/json-formatter,json-formatter,Json Formatter,directory,JSON,A,7,9,6,7,Index and upgrade first,Clear standalone search demand and direct utility intent.
https://codeconvert.net/base64-encode,base64-encode,Base64 Encode,directory,Encode/Decode,A,7,9,6,7,Index and upgrade first,Clear standalone search demand and direct utility intent.
https://codeconvert.net/base64-decode,base64-decode,Base64 Decode,directory,Encode/Decode,A,7,9,6,7,Index and upgrade first,Clear standalone search demand and direct utility intent.
https://codeconvert.net/url-encode,url-encode,Url Encode,directory,Encode/Decode,A,7,9,6,7,Index and upgrade first,Clear standalone search demand and direct utility intent.
https://codeconvert.net/url-decode,url-decode,Url Decode,directory,Encode/Decode,A,7,9,6,7,Index and upgrade first,Clear standalone search demand and direct utility intent.
https://codeconvert.net/javascript-url-encoder-decoder,javascript-url-encoder-decoder,Javascript Url Encoder Decoder,directory,Encode/Decode,B,5,6,4,6,Keep indexed only after page-specific upgrade,"Relevant utility intent, but needs unique definitions, examples, and tool-specific copy."
https://codeconvert.net/html-encode,html-encode,Html Encode,directory,HTML,A,7,9,6,7,Index and upgrade first,Clear standalone search demand and direct utility intent.
https://codeconvert.net/html-decode,html-decode,Html Decode,directory,HTML,A,7,9,6,7,Index and upgrade first,Clear standalone search demand and direct utility intent.
https://codeconvert.net/javascript-encode,javascript-encode,Javascript Encode,directory,Encode/Decode,B,5,6,4,6,Keep indexed only after page-specific upgrade,"Relevant utility intent, but needs unique definitions, examples, and tool-specific copy."
https://codeconvert.net/javascript-decode,javascript-decode,Javascript Decode,directory,Encode/Decode,B,5,6,4,6,Keep indexed only after page-specific upgrade,"Relevant utility intent, but needs unique definitions, examples, and tool-specific copy."
https://codeconvert.net/unicode-encode,unicode-encode,Unicode Encode,directory,Encode/Decode,B,5,6,4,6,Keep indexed only after page-specific upgrade,"Relevant utility intent, but needs unique definitions, examples, and tool-specific copy."
https://codeconvert.net/unicode-decode,unicode-decode,Unicode Decode,directory,Encode/Decode,B,5,6,4,6,Keep indexed only after page-specific upgrade,"Relevant utility intent, but needs unique definitions, examples, and tool-specific copy."
https://codeconvert.net/html-entity-encode,html-entity-encode,Html Entity Encode,directory,HTML,B,5,6,4,6,Keep indexed only after page-specific upgrade,"Relevant utility intent, but needs unique definitions, examples, and tool-specific copy."
https://codeconvert.net/html-entity-decode,html-entity-decode,Html Entity Decode,directory,HTML,B,5,6,4,6,Keep indexed only after page-specific upgrade,"Relevant utility intent, but needs unique definitions, examples, and tool-specific copy."
https://codeconvert.net/jwt-encode,jwt-encode,Jwt Encode,directory,Encode/Decode,B,5,6,4,6,Keep indexed only after page-specific upgrade,"Relevant utility intent, but needs unique definitions, examples, and tool-specific copy."
https://codeconvert.net/jwt-decode,jwt-decode,Jwt Decode,directory,Encode/Decode,B,5,6,4,6,Keep indexed only after page-specific upgrade,"Relevant utility intent, but needs unique definitions, examples, and tool-specific copy."
https://codeconvert.net/quoted-printable-encode,quoted-printable-encode,Quoted Printable Encode,directory,Encode/Decode,B,5,6,4,6,Keep indexed only after page-specific upgrade,"Relevant utility intent, but needs unique definitions, examples, and tool-specific copy."
https://codeconvert.net/quoted-printable-decode,quoted-printable-decode,Quoted Printable Decode,directory,Encode/Decode,B,5,6,4,6,Keep indexed only after page-specific upgrade,"Relevant utility intent, but needs unique definitions, examples, and tool-specific copy."
https://codeconvert.net/character-encoder-decoder,character-encoder-decoder,Character Encoder Decoder,directory,Encode/Decode,B,5,6,4,6,Keep indexed only after page-specific upgrade,"Relevant utility intent, but needs unique definitions, examples, and tool-specific copy."
https://codeconvert.net/iso-8859-1-garble-decoder,iso-8859-1-garble-decoder,Iso 8859 1 Garble Decoder,directory,Encode/Decode,B,5,6,4,6,Keep indexed only after page-specific upgrade,"Relevant utility intent, but needs unique definitions, examples, and tool-specific copy."
https://codeconvert.net/punycode-encoder-decoder,punycode-encoder-decoder,Punycode Encoder Decoder,directory,Encode/Decode,B,5,6,4,6,Keep indexed only after page-specific upgrade,"Relevant utility intent, but needs unique definitions, examples, and tool-specific copy."
https://codeconvert.net/utf-8-encoder-decoder,utf-8-encoder-decoder,Utf 8 Encoder Decoder,directory,Encode/Decode,B,5,6,4,6,Keep indexed only after page-specific upgrade,"Relevant utility intent, but needs unique definitions, examples, and tool-specific copy."
https://codeconvert.net/utf-16-encoder-decoder,utf-16-encoder-decoder,Utf 16 Encoder Decoder,directory,Encode/Decode,B,5,6,4,6,Keep indexed only after page-specific upgrade,"Relevant utility intent, but needs unique definitions, examples, and tool-specific copy."
https://codeconvert.net/utf-32-encoder-decoder,utf-32-encoder-decoder,Utf 32 Encoder Decoder,directory,Encode/Decode,B,5,6,4,6,Keep indexed only after page-specific upgrade,"Relevant utility intent, but needs unique definitions, examples, and tool-specific copy."
https://codeconvert.net/rot13-encoder-decoder,rot13-encoder-decoder,Rot13 Encoder Decoder,directory,Encode/Decode,B,5,6,4,6,Keep indexed only after page-specific upgrade,"Relevant utility intent, but needs unique definitions, examples, and tool-specific copy."
https://codeconvert.net/base32-encode,base32-encode,Base32 Encode,directory,Encode/Decode,B,5,6,4,6,Keep indexed only after page-specific upgrade,"Relevant utility intent, but needs unique definitions, examples, and tool-specific copy."
https://codeconvert.net/base32-decode,base32-decode,Base32 Decode,directory,Encode/Decode,B,5,6,4,6,Keep indexed only after page-specific upgrade,"Relevant utility intent, but needs unique definitions, examples, and tool-specific copy."
https://codeconvert.net/base58-encode,base58-encode,Base58 Encode,directory,Encode/Decode,B,5,6,4,6,Keep indexed only after page-specific upgrade,"Relevant utility intent, but needs unique definitions, examples, and tool-specific copy."
https://codeconvert.net/base58-decode,base58-decode,Base58 Decode,directory,Encode/Decode,B,5,6,4,6,Keep indexed only after page-specific upgrade,"Relevant utility intent, but needs unique definitions, examples, and tool-specific copy."
https://codeconvert.net/base62-encoder-decoder,base62-encoder-decoder,Base62 Encoder Decoder,directory,Encode/Decode,B,5,6,4,6,Keep indexed only after page-specific upgrade,"Relevant utility intent, but needs unique definitions, examples, and tool-specific copy."
https://codeconvert.net/base85-encoder-decoder,base85-encoder-decoder,Base85 Encoder Decoder,directory,Encode/Decode,B,5,6,4,6,Keep indexed only after page-specific upgrade,"Relevant utility intent, but needs unique definitions, examples, and tool-specific copy."
https://codeconvert.net/base91-encoder-decoder,base91-encoder-decoder,Base91 Encoder Decoder,directory,Encode/Decode,B,5,6,4,6,Keep indexed only after page-specific upgrade,"Relevant utility intent, but needs unique definitions, examples, and tool-specific copy."
https://codeconvert.net/morse-encode,morse-encode,Morse Encode,directory,Encode/Decode,B,5,6,4,6,Keep indexed only after page-specific upgrade,"Relevant utility intent, but needs unique definitions, examples, and tool-specific copy."
https://codeconvert.net/morse-decode,morse-decode,Morse Decode,directory,Encode/Decode,B,5,6,4,6,Keep indexed only after page-specific upgrade,"Relevant utility intent, but needs unique definitions, examples, and tool-specific copy."
https://codeconvert.net/morse-code-translator,morse-code-translator,Morse Code Translator,directory,Encode/Decode,B,5,6,4,6,Keep indexed only after page-specific upgrade,"Relevant utility intent, but needs unique definitions, examples, and tool-specific copy."
https://codeconvert.net/text-compression-tool,text-compression-tool,Text Compression Tool,directory,Text Tools,B,5,6,4,6,Keep indexed only after page-specific upgrade,"Relevant utility intent, but needs unique definitions, examples, and tool-specific copy."
https://codeconvert.net/gzip-text-compressor,gzip-text-compressor,Gzip Text Compressor,directory,Text Tools,B,5,6,4,6,Keep indexed only after page-specific upgrade,"Relevant utility intent, but needs unique definitions, examples, and tool-specific copy."
https://codeconvert.net/deflate-text-compressor,deflate-text-compressor,Deflate Text Compressor,directory,Text Tools,B,5,6,4,6,Keep indexed only after page-specific upgrade,"Relevant utility intent, but needs unique definitions, examples, and tool-specific copy."
https://codeconvert.net/base64-encode-and-decode,base64-encode-and-decode,Base64 Encode And Decode,directory,Encode/Decode,B,5,6,4,6,Keep indexed only after page-specific upgrade,"Relevant utility intent, but needs unique definitions, examples, and tool-specific copy."
https://codeconvert.net/json-to-base64,json-to-base64,Json To Base64,directory,JSON,B,5,6,4,6,Keep indexed only after page-specific upgrade,"Relevant utility intent, but needs unique definitions, examples, and tool-specific copy."
https://codeconvert.net/base64-to-json,base64-to-json,Base64 To Json,directory,JSON,B,5,6,4,6,Keep indexed only after page-specific upgrade,"Relevant utility intent, but needs unique definitions, examples, and tool-specific copy."
https://codeconvert.net/xml-to-base64,xml-to-base64,Xml To Base64,directory,XML,B,5,6,4,6,Keep indexed only after page-specific upgrade,"Relevant utility intent, but needs unique definitions, examples, and tool-specific copy."
https://codeconvert.net/base64-to-xml,base64-to-xml,Base64 To Xml,directory,XML,B,5,6,4,6,Keep indexed only after page-specific upgrade,"Relevant utility intent, but needs unique definitions, examples, and tool-specific copy."
https://codeconvert.net/yaml-to-base64,yaml-to-base64,Yaml To Base64,directory,Encode/Decode,B,5,6,4,6,Keep indexed only after page-specific upgrade,"Relevant utility intent, but needs unique definitions, examples, and tool-specific copy."
https://codeconvert.net/base64-to-yaml,base64-to-yaml,Base64 To Yaml,directory,Encode/Decode,B,5,6,4,6,Keep indexed only after page-specific upgrade,"Relevant utility intent, but needs unique definitions, examples, and tool-specific copy."
https://codeconvert.net/json-url-encode,json-url-encode,Json Url Encode,directory,JSON,B,5,6,4,6,Keep indexed only after page-specific upgrade,"Relevant utility intent, but needs unique definitions, examples, and tool-specific copy."
https://codeconvert.net/json-url-decode,json-url-decode,Json Url Decode,directory,JSON,B,5,6,4,6,Keep indexed only after page-specific upgrade,"Relevant utility intent, but needs unique definitions, examples, and tool-specific copy."
https://codeconvert.net/xml-url-encode,xml-url-encode,Xml Url Encode,directory,XML,B,5,6,4,6,Keep indexed only after page-specific upgrade,"Relevant utility intent, but needs unique definitions, examples, and tool-specific copy."
https://codeconvert.net/xml-url-decode,xml-url-decode,Xml Url Decode,directory,XML,B,5,6,4,6,Keep indexed only after page-specific upgrade,"Relevant utility intent, but needs unique definitions, examples, and tool-specific copy."
https://codeconvert.net/yaml-url-encode,yaml-url-encode,Yaml Url Encode,directory,Encode/Decode,B,5,6,4,6,Keep indexed only after page-specific upgrade,"Relevant utility intent, but needs unique definitions, examples, and tool-specific copy."
https://codeconvert.net/yaml-url-decode,yaml-url-decode,Yaml Url Decode,directory,Encode/Decode,B,5,6,4,6,Keep indexed only after page-specific upgrade,"Relevant utility intent, but needs unique definitions, examples, and tool-specific copy."
https://codeconvert.net/encoding-list,encoding-list,Encoding List,directory,Other,B,3,3,2,4,Noindex recommended,Low or unclear search value under current template.
https://codeconvert.net/ascii-code-table,ascii-code-table,Ascii Code Table,directory,Other,B,3,3,2,4,Noindex recommended,Low or unclear search value under current template.
https://codeconvert.net/gb2312-encoding-table,gb2312-encoding-table,Gb2312 Encoding Table,directory,Other,B,3,3,2,4,Noindex recommended,Low or unclear search value under current template.
https://codeconvert.net/gbk-encoding-table,gbk-encoding-table,Gbk Encoding Table,directory,Other,B,3,3,2,4,Noindex recommended,Low or unclear search value under current template.
https://codeconvert.net/gb18030-encoding-rules,gb18030-encoding-rules,Gb18030 Encoding Rules,directory,Other,B,3,3,2,4,Noindex recommended,Low or unclear search value under current template.
https://codeconvert.net/big5-encoding-table,big5-encoding-table,Big5 Encoding Table,directory,Other,B,3,3,2,4,Noindex recommended,Low or unclear search value under current template.
https://codeconvert.net/unicode-encoding-rules,unicode-encoding-rules,Unicode Encoding Rules,directory,Encode/Decode,B,5,6,4,6,Keep indexed only after page-specific upgrade,"Relevant utility intent, but needs unique definitions, examples, and tool-specific copy."
https://codeconvert.net/utf-16-code-table,utf-16-code-table,Utf 16 Code Table,directory,Encode/Decode,B,5,6,4,6,Keep indexed only after page-specific upgrade,"Relevant utility intent, but needs unique definitions, examples, and tool-specific copy."
https://codeconvert.net/emoji-symbols,emoji-symbols,Emoji Symbols,directory,Other,B,3,3,2,4,Noindex recommended,Low or unclear search value under current template.
https://codeconvert.net/special-symbols,special-symbols,Special Symbols,directory,Other,B,3,3,2,4,Noindex recommended,Low or unclear search value under current template.
https://codeconvert.net/javascript-minifier,javascript-minifier,Javascript Minifier,directory,Formatter,B,5,6,4,6,Keep indexed only after page-specific upgrade,"Relevant utility intent, but needs unique definitions, examples, and tool-specific copy."
https://codeconvert.net/css-minifier,css-minifier,Css Minifier,directory,CSS,B,5,6,4,6,Keep indexed only after page-specific upgrade,"Relevant utility intent, but needs unique definitions, examples, and tool-specific copy."
https://codeconvert.net/text-diff,text-diff,Text Diff,directory,Text Tools,B,5,6,4,6,Keep indexed only after page-specific upgrade,"Relevant utility intent, but needs unique definitions, examples, and tool-specific copy."
https://codeconvert.net/hash-generator,hash-generator,Hash Generator,directory,Security,B,3,3,2,4,Noindex recommended,Low or unclear search value under current template.
https://codeconvert.net/password-generator,password-generator,Password Generator,directory,Text Tools,B,5,6,4,6,Keep indexed only after page-specific upgrade,"Relevant utility intent, but needs unique definitions, examples, and tool-specific copy."
https://codeconvert.net/caesar-cipher-tool,caesar-cipher-tool,Caesar Cipher Tool,directory,Network,B,3,3,2,4,Noindex recommended,Low or unclear search value under current template.
https://codeconvert.net/md5-generator,md5-generator,Md5 Generator,directory,Security,B,3,3,2,4,Noindex recommended,Low or unclear search value under current template.
https://codeconvert.net/sha1-generator,sha1-generator,Sha1 Generator,directory,Security,B,3,3,2,4,Noindex recommended,Low or unclear search value under current template.
https://codeconvert.net/sha256-generator,sha256-generator,Sha256 Generator,directory,Security,B,3,3,2,4,Noindex recommended,Low or unclear search value under current template.
https://codeconvert.net/sha512-generator,sha512-generator,Sha512 Generator,directory,Security,B,3,3,2,4,Noindex recommended,Low or unclear search value under current template.
https://codeconvert.net/hmac-generator,hmac-generator,Hmac Generator,directory,Other,B,3,3,2,4,Noindex recommended,Low or unclear search value under current template.
https://codeconvert.net/hash-identifier,hash-identifier,Hash Identifier,directory,Security,B,3,3,2,4,Noindex recommended,Low or unclear search value under current template.
https://codeconvert.net/password-strength,password-strength,Password Strength,directory,Text Tools,B,5,6,4,6,Keep indexed only after page-specific upgrade,"Relevant utility intent, but needs unique definitions, examples, and tool-specific copy."
https://codeconvert.net/ssl-checker,ssl-checker,Ssl Checker,directory,Security,B,3,3,2,4,Noindex recommended,Low or unclear search value under current template.
https://codeconvert.net/whois-lookup,whois-lookup,Whois Lookup,directory,Network,B,3,3,2,4,Noindex recommended,Low or unclear search value under current template.
https://codeconvert.net/dns-lookup,dns-lookup,Dns Lookup,directory,Network,B,3,3,2,4,Noindex recommended,Low or unclear search value under current template.
https://codeconvert.net/ip-lookup,ip-lookup,Ip Lookup,directory,Network,B,3,3,2,4,Noindex recommended,Low or unclear search value under current template.
https://codeconvert.net/user-agent-parser,user-agent-parser,User Agent Parser,directory,Other,B,3,3,2,4,Noindex recommended,Low or unclear search value under current template.
https://codeconvert.net/md5-decrypt,md5-decrypt,Md5 Decrypt,directory,Security,B,3,3,2,4,Noindex recommended,Low or unclear search value under current template.
https://codeconvert.net/hash-cracker,hash-cracker,Hash Cracker,directory,Security,B,3,3,2,4,Noindex recommended,Low or unclear search value under current template.
https://codeconvert.net/jwt-verify,jwt-verify,Jwt Verify,directory,Security,B,3,3,2,4,Noindex recommended,Low or unclear search value under current template.
https://codeconvert.net/url-scanner,url-scanner,Url Scanner,directory,Network,B,3,3,2,4,Noindex recommended,Low or unclear search value under current template.
https://codeconvert.net/security-headers,security-headers,Security Headers,directory,Other,B,3,3,2,4,Noindex recommended,Low or unclear search value under current template.
https://codeconvert.net/qr-code-generator,qr-code-generator,Qr Code Generator,directory,Other,B,3,3,2,4,Noindex recommended,Low or unclear search value under current template.
https://codeconvert.net/lorem-ipsum,lorem-ipsum,Lorem Ipsum,directory,Network,B,3,3,2,4,Noindex recommended,Low or unclear search value under current template.
https://codeconvert.net/text-compare,text-compare,Text Compare,directory,Text Tools,B,5,6,4,6,Keep indexed only after page-specific upgrade,"Relevant utility intent, but needs unique definitions, examples, and tool-specific copy."
https://codeconvert.net/file-difference-tool,file-difference-tool,File Difference Tool,directory,Other,B,3,3,2,4,Noindex recommended,Low or unclear search value under current template.
https://codeconvert.net/json-diff-tool,json-diff-tool,Json Diff Tool,directory,JSON,B,5,6,4,6,Keep indexed only after page-specific upgrade,"Relevant utility intent, but needs unique definitions, examples, and tool-specific copy."
https://codeconvert.net/xml-diff-tool,xml-diff-tool,Xml Diff Tool,directory,XML,B,5,6,4,6,Keep indexed only after page-specific upgrade,"Relevant utility intent, but needs unique definitions, examples, and tool-specific copy."
https://codeconvert.net/word-counter,word-counter,Word Counter,directory,Text Tools,A,7,9,6,7,Index and upgrade first,Clear standalone search demand and direct utility intent.
https://codeconvert.net/character-counter,character-counter,Character Counter,directory,Text Tools,A,7,9,6,7,Index and upgrade first,Clear standalone search demand and direct utility intent.
https://codeconvert.net/line-counter,line-counter,Line Counter,directory,Text Tools,B,5,6,4,6,Keep indexed only after page-specific upgrade,"Relevant utility intent, but needs unique definitions, examples, and tool-specific copy."
https://codeconvert.net/case-converter,case-converter,Case Converter,directory,Text Tools,B,5,6,4,6,Keep indexed only after page-specific upgrade,"Relevant utility intent, but needs unique definitions, examples, and tool-specific copy."
https://codeconvert.net/number-sorter,number-sorter,Number Sorter,directory,Other,B,3,3,2,4,Noindex recommended,Low or unclear search value under current template.
https://codeconvert.net/base-number-converter,base-number-converter,Base Number Converter,directory,Encode/Decode,B,5,6,4,6,Keep indexed only after page-specific upgrade,"Relevant utility intent, but needs unique definitions, examples, and tool-specific copy."
https://codeconvert.net/bigint-base-converter,bigint-base-converter,Bigint Base Converter,directory,Encode/Decode,B,5,6,4,6,Keep indexed only after page-specific upgrade,"Relevant utility intent, but needs unique definitions, examples, and tool-specific copy."
https://codeconvert.net/ieee-754-float-converter,ieee-754-float-converter,Ieee 754 Float Converter,directory,Other,B,3,3,2,4,Noindex recommended,Low or unclear search value under current template.
https://codeconvert.net/byte-signed-unsigned-converter,byte-signed-unsigned-converter,Byte Signed Unsigned Converter,directory,Other,B,3,3,2,4,Noindex recommended,Low or unclear search value under current template.
https://codeconvert.net/little-big-endian-converter,little-big-endian-converter,Little Big Endian Converter,directory,Other,B,3,3,2,4,Noindex recommended,Low or unclear search value under current template.
https://codeconvert.net/reverse-binary-tool,reverse-binary-tool,Reverse Binary Tool,directory,Other,B,3,3,2,4,Noindex recommended,Low or unclear search value under current template.
https://codeconvert.net/reverse-array-tool,reverse-array-tool,Reverse Array Tool,directory,Other,B,3,3,2,4,Noindex recommended,Low or unclear search value under current template.
https://codeconvert.net/barcode-generator,barcode-generator,Barcode Generator,directory,Other,B,3,3,2,4,Noindex recommended,Low or unclear search value under current template.
https://codeconvert.net/slug-generator,slug-generator,Slug Generator,directory,Other,B,3,3,2,4,Noindex recommended,Low or unclear search value under current template.
https://codeconvert.net/slugify-url-generator,slugify-url-generator,Slugify Url Generator,directory,Network,B,3,3,2,4,Noindex recommended,Low or unclear search value under current template.
https://codeconvert.net/utm-generator,utm-generator,Utm Generator,directory,Other,B,3,3,2,4,Noindex recommended,Low or unclear search value under current template.
https://codeconvert.net/url-parameter-formatter,url-parameter-formatter,Url Parameter Formatter,directory,Formatter,B,5,6,4,6,Keep indexed only after page-specific upgrade,"Relevant utility intent, but needs unique definitions, examples, and tool-specific copy."
https://codeconvert.net/url-batch-generator,url-batch-generator,Url Batch Generator,directory,Network,B,3,3,2,4,Noindex recommended,Low or unclear search value under current template.
https://codeconvert.net/htaccess-generator,htaccess-generator,Htaccess Generator,directory,Other,B,3,3,2,4,Noindex recommended,Low or unclear search value under current template.
https://codeconvert.net/cron-generator,cron-generator,Cron Generator,directory,Other,B,3,3,2,4,Noindex recommended,Low or unclear search value under current template.
https://codeconvert.net/cron-expression-parser,cron-expression-parser,Cron Expression Parser,directory,Other,B,3,3,2,4,Noindex recommended,Low or unclear search value under current template.
https://codeconvert.net/text-reverser,text-reverser,Text Reverser,directory,Text Tools,B,5,6,4,6,Keep indexed only after page-specific upgrade,"Relevant utility intent, but needs unique definitions, examples, and tool-specific copy."
https://codeconvert.net/remove-duplicates,remove-duplicates,Remove Duplicates,directory,Other,B,3,3,2,4,Noindex recommended,Low or unclear search value under current template.
https://codeconvert.net/sort-lines,sort-lines,Sort Lines,directory,Text Tools,B,5,6,4,6,Keep indexed only after page-specific upgrade,"Relevant utility intent, but needs unique definitions, examples, and tool-specific copy."
https://codeconvert.net/lorem-faker,lorem-faker,Lorem Faker,directory,Other,B,3,3,2,4,Noindex recommended,Low or unclear search value under current template.
https://codeconvert.net/csv-to-json,csv-to-json,Csv To Json,directory,JSON,A,7,9,6,7,Index and upgrade first,Clear standalone search demand and direct utility intent.
https://codeconvert.net/json-to-csv,json-to-csv,Json To Csv,directory,JSON,A,7,9,6,7,Index and upgrade first,Clear standalone search demand and direct utility intent.
https://codeconvert.net/json-escape-tool,json-escape-tool,Json Escape Tool,directory,JSON,B,5,6,4,6,Keep indexed only after page-specific upgrade,"Relevant utility intent, but needs unique definitions, examples, and tool-specific copy."
https://codeconvert.net/json-url-parameters-converter,json-url-parameters-converter,Json Url Parameters Converter,directory,JSON,B,5,6,4,6,Keep indexed only after page-specific upgrade,"Relevant utility intent, but needs unique definitions, examples, and tool-specific copy."
https://codeconvert.net/json-to-model-generator,json-to-model-generator,Json To Model Generator,directory,JSON,B,5,6,4,6,Keep indexed only after page-specific upgrade,"Relevant utility intent, but needs unique definitions, examples, and tool-specific copy."
https://codeconvert.net/markdown-to-html,markdown-to-html,Markdown To Html,directory,HTML,A,7,9,6,7,Index and upgrade first,Clear standalone search demand and direct utility intent.
https://codeconvert.net/html-to-markdown,html-to-markdown,Html To Markdown,directory,HTML,A,7,9,6,7,Index and upgrade first,Clear standalone search demand and direct utility intent.
https://codeconvert.net/word-to-markdown-converter,word-to-markdown-converter,Word To Markdown Converter,language_converter,Code,B,3,3,1,4,Noindex until unique examples exist,Programmatic long-tail converter with near-duplicate template and weak demand.
https://codeconvert.net/json-to-xml,json-to-xml,Json To Xml,directory,JSON,A,7,9,6,7,Index and upgrade first,Clear standalone search demand and direct utility intent.
https://codeconvert.net/xml-to-json,xml-to-json,Xml To Json,directory,JSON,A,7,9,6,7,Index and upgrade first,Clear standalone search demand and direct utility intent.
https://codeconvert.net/yaml-to-json,yaml-to-json,Yaml To Json,directory,JSON,B,5,6,4,6,Keep indexed only after page-specific upgrade,"Relevant utility intent, but needs unique definitions, examples, and tool-specific copy."
https://codeconvert.net/json-to-yaml,json-to-yaml,Json To Yaml,directory,JSON,B,5,6,4,6,Keep indexed only after page-specific upgrade,"Relevant utility intent, but needs unique definitions, examples, and tool-specific copy."
https://codeconvert.net/json-stringify-text,json-stringify-text,Json Stringify Text,directory,JSON,B,5,6,4,6,Keep indexed only after page-specific upgrade,"Relevant utility intent, but needs unique definitions, examples, and tool-specific copy."
https://codeconvert.net/json-unstringifier,json-unstringifier,Json Unstringifier,directory,JSON,B,5,6,4,6,Keep indexed only after page-specific upgrade,"Relevant utility intent, but needs unique definitions, examples, and tool-specific copy."
https://codeconvert.net/toml-to-json,toml-to-json,Toml To Json,directory,JSON,B,5,6,4,6,Keep indexed only after page-specific upgrade,"Relevant utility intent, but needs unique definitions, examples, and tool-specific copy."
https://codeconvert.net/json-to-toml,json-to-toml,Json To Toml,directory,JSON,B,5,6,4,6,Keep indexed only after page-specific upgrade,"Relevant utility intent, but needs unique definitions, examples, and tool-specific copy."
https://codeconvert.net/ini-to-json,ini-to-json,Ini To Json,directory,JSON,B,5,6,4,6,Keep indexed only after page-specific upgrade,"Relevant utility intent, but needs unique definitions, examples, and tool-specific copy."
https://codeconvert.net/json-to-ini,json-to-ini,Json To Ini,directory,JSON,B,5,6,4,6,Keep indexed only after page-specific upgrade,"Relevant utility intent, but needs unique definitions, examples, and tool-specific copy."
https://codeconvert.net/json-to-tsv,json-to-tsv,Json To Tsv,directory,JSON,B,5,6,4,6,Keep indexed only after page-specific upgrade,"Relevant utility intent, but needs unique definitions, examples, and tool-specific copy."
https://codeconvert.net/tsv-to-json,tsv-to-json,Tsv To Json,directory,JSON,B,5,6,4,6,Keep indexed only after page-specific upgrade,"Relevant utility intent, but needs unique definitions, examples, and tool-specific copy."
https://codeconvert.net/text-to-csv,text-to-csv,Text To Csv,directory,Text Tools,B,5,6,4,6,Keep indexed only after page-specific upgrade,"Relevant utility intent, but needs unique definitions, examples, and tool-specific copy."
https://codeconvert.net/csv-to-text,csv-to-text,Csv To Text,directory,Text Tools,B,5,6,4,6,Keep indexed only after page-specific upgrade,"Relevant utility intent, but needs unique definitions, examples, and tool-specific copy."
https://codeconvert.net/csv-to-xml,csv-to-xml,Csv To Xml,directory,XML,B,5,6,4,6,Keep indexed only after page-specific upgrade,"Relevant utility intent, but needs unique definitions, examples, and tool-specific copy."
https://codeconvert.net/xml-to-csv,xml-to-csv,Xml To Csv,directory,XML,B,5,6,4,6,Keep indexed only after page-specific upgrade,"Relevant utility intent, but needs unique definitions, examples, and tool-specific copy."
https://codeconvert.net/csv-to-yaml,csv-to-yaml,Csv To Yaml,directory,Other,B,3,3,2,4,Noindex recommended,Low or unclear search value under current template.
https://codeconvert.net/yaml-to-csv,yaml-to-csv,Yaml To Csv,directory,Other,B,3,3,2,4,Noindex recommended,Low or unclear search value under current template.
https://codeconvert.net/xml-to-yaml,xml-to-yaml,Xml To Yaml,directory,XML,B,5,6,4,6,Keep indexed only after page-specific upgrade,"Relevant utility intent, but needs unique definitions, examples, and tool-specific copy."
https://codeconvert.net/yaml-to-xml,yaml-to-xml,Yaml To Xml,directory,XML,B,5,6,4,6,Keep indexed only after page-specific upgrade,"Relevant utility intent, but needs unique definitions, examples, and tool-specific copy."
https://codeconvert.net/file-hex-converter,file-hex-converter,File Hex Converter,directory,Other,B,3,3,2,4,Noindex recommended,Low or unclear search value under current template.
https://codeconvert.net/hex-to-rgb,hex-to-rgb,Hex To Rgb,directory,Other,B,3,3,2,4,Noindex recommended,Low or unclear search value under current template.
https://codeconvert.net/rgb-to-hex,rgb-to-hex,Rgb To Hex,directory,Other,B,3,3,2,4,Noindex recommended,Low or unclear search value under current template.
https://codeconvert.net/text-to-hex,text-to-hex,Text To Hex,directory,Text Tools,B,5,6,4,6,Keep indexed only after page-specific upgrade,"Relevant utility intent, but needs unique definitions, examples, and tool-specific copy."
https://codeconvert.net/hex-to-text,hex-to-text,Hex To Text,directory,Text Tools,B,5,6,4,6,Keep indexed only after page-specific upgrade,"Relevant utility intent, but needs unique definitions, examples, and tool-specific copy."
https://codeconvert.net/decimal-to-hex,decimal-to-hex,Decimal To Hex,directory,Other,B,3,3,2,4,Noindex recommended,Low or unclear search value under current template.
https://codeconvert.net/hex-to-decimal,hex-to-decimal,Hex To Decimal,directory,Other,B,3,3,2,4,Noindex recommended,Low or unclear search value under current template.
https://codeconvert.net/binary-code-translator,binary-code-translator,Binary Code Translator,directory,Other,A,7,9,6,7,Index and upgrade first,Clear standalone search demand and direct utility intent.
https://codeconvert.net/binary-to-text,binary-to-text,Binary To Text,directory,Text Tools,B,5,6,4,6,Keep indexed only after page-specific upgrade,"Relevant utility intent, but needs unique definitions, examples, and tool-specific copy."
https://codeconvert.net/text-to-binary,text-to-binary,Text To Binary,directory,Text Tools,B,5,6,4,6,Keep indexed only after page-specific upgrade,"Relevant utility intent, but needs unique definitions, examples, and tool-specific copy."
https://codeconvert.net/octal-to-decimal,octal-to-decimal,Octal To Decimal,directory,Other,B,3,3,2,4,Noindex recommended,Low or unclear search value under current template.
https://codeconvert.net/decimal-to-octal,decimal-to-octal,Decimal To Octal,directory,Other,B,3,3,2,4,Noindex recommended,Low or unclear search value under current template.
https://codeconvert.net/unix-to-date,unix-to-date,Unix To Date,directory,Other,B,3,3,2,4,Noindex recommended,Low or unclear search value under current template.
https://codeconvert.net/date-to-unix,date-to-unix,Date To Unix,directory,Other,B,3,3,2,4,Noindex recommended,Low or unclear search value under current template.
https://codeconvert.net/html-to-text,html-to-text,Html To Text,directory,HTML,B,5,6,4,6,Keep indexed only after page-specific upgrade,"Relevant utility intent, but needs unique definitions, examples, and tool-specific copy."
https://codeconvert.net/text-to-html,text-to-html,Text To Html,directory,HTML,B,5,6,4,6,Keep indexed only after page-specific upgrade,"Relevant utility intent, but needs unique definitions, examples, and tool-specific copy."
https://codeconvert.net/escape-html,escape-html,Escape Html,directory,HTML,B,5,6,4,6,Keep indexed only after page-specific upgrade,"Relevant utility intent, but needs unique definitions, examples, and tool-specific copy."
https://codeconvert.net/unescape-html,unescape-html,Unescape Html,directory,HTML,B,5,6,4,6,Keep indexed only after page-specific upgrade,"Relevant utility intent, but needs unique definitions, examples, and tool-specific copy."
https://codeconvert.net/css-to-inline,css-to-inline,Css To Inline,directory,CSS,B,5,6,4,6,Keep indexed only after page-specific upgrade,"Relevant utility intent, but needs unique definitions, examples, and tool-specific copy."
https://codeconvert.net/inline-to-css,inline-to-css,Inline To Css,directory,CSS,B,5,6,4,6,Keep indexed only after page-specific upgrade,"Relevant utility intent, but needs unique definitions, examples, and tool-specific copy."
https://codeconvert.net/css-to-scss,css-to-scss,Css To Scss,directory,CSS,B,5,6,4,6,Keep indexed only after page-specific upgrade,"Relevant utility intent, but needs unique definitions, examples, and tool-specific copy."
https://codeconvert.net/scss-to-css,scss-to-css,Scss To Css,directory,CSS,B,5,6,4,6,Keep indexed only after page-specific upgrade,"Relevant utility intent, but needs unique definitions, examples, and tool-specific copy."
https://codeconvert.net/css-to-less,css-to-less,Css To Less,directory,CSS,B,5,6,4,6,Keep indexed only after page-specific upgrade,"Relevant utility intent, but needs unique definitions, examples, and tool-specific copy."
https://codeconvert.net/less-to-css,less-to-css,Less To Css,directory,CSS,B,5,6,4,6,Keep indexed only after page-specific upgrade,"Relevant utility intent, but needs unique definitions, examples, and tool-specific copy."
https://codeconvert.net/css-to-sass,css-to-sass,Css To Sass,directory,CSS,B,5,6,4,6,Keep indexed only after page-specific upgrade,"Relevant utility intent, but needs unique definitions, examples, and tool-specific copy."
https://codeconvert.net/sass-to-css,sass-to-css,Sass To Css,directory,CSS,B,5,6,4,6,Keep indexed only after page-specific upgrade,"Relevant utility intent, but needs unique definitions, examples, and tool-specific copy."
https://codeconvert.net/less-to-scss,less-to-scss,Less To Scss,directory,CSS,B,5,6,4,6,Keep indexed only after page-specific upgrade,"Relevant utility intent, but needs unique definitions, examples, and tool-specific copy."
https://codeconvert.net/scss-to-less,scss-to-less,Scss To Less,directory,CSS,B,5,6,4,6,Keep indexed only after page-specific upgrade,"Relevant utility intent, but needs unique definitions, examples, and tool-specific copy."
https://codeconvert.net/stylus-to-css,stylus-to-css,Stylus To Css,directory,CSS,B,5,6,4,6,Keep indexed only after page-specific upgrade,"Relevant utility intent, but needs unique definitions, examples, and tool-specific copy."
https://codeconvert.net/css-to-stylus,css-to-stylus,Css To Stylus,directory,CSS,B,5,6,4,6,Keep indexed only after page-specific upgrade,"Relevant utility intent, but needs unique definitions, examples, and tool-specific copy."
https://codeconvert.net/base64-to-text,base64-to-text,Base64 To Text,directory,Encode/Decode,B,5,6,4,6,Keep indexed only after page-specific upgrade,"Relevant utility intent, but needs unique definitions, examples, and tool-specific copy."
https://codeconvert.net/text-to-base64,text-to-base64,Text To Base64,directory,Encode/Decode,B,5,6,4,6,Keep indexed only after page-specific upgrade,"Relevant utility intent, but needs unique definitions, examples, and tool-specific copy."
https://codeconvert.net/sql-formatter,sql-formatter,Sql Formatter,directory,Formatter,A,7,9,6,7,Index and upgrade first,Clear standalone search demand and direct utility intent.
https://codeconvert.net/graphql-formatter,graphql-formatter,Graphql Formatter,directory,Formatter,B,5,6,4,6,Keep indexed only after page-specific upgrade,"Relevant utility intent, but needs unique definitions, examples, and tool-specific copy."
https://codeconvert.net/nginx-formatter,nginx-formatter,Nginx Formatter,directory,Formatter,B,5,6,4,6,Keep indexed only after page-specific upgrade,"Relevant utility intent, but needs unique definitions, examples, and tool-specific copy."
https://codeconvert.net/python-formatter,python-formatter,Python Formatter,directory,Formatter,B,5,6,4,6,Keep indexed only after page-specific upgrade,"Relevant utility intent, but needs unique definitions, examples, and tool-specific copy."
https://codeconvert.net/json5-formatter,json5-formatter,Json5 Formatter,directory,JSON,B,5,6,4,6,Keep indexed only after page-specific upgrade,"Relevant utility intent, but needs unique definitions, examples, and tool-specific copy."
https://codeconvert.net/json5-validator,json5-validator,Json5 Validator,directory,JSON,B,5,6,4,6,Keep indexed only after page-specific upgrade,"Relevant utility intent, but needs unique definitions, examples, and tool-specific copy."
https://codeconvert.net/xml-formatter,xml-formatter,Xml Formatter,directory,XML,A,7,9,6,7,Index and upgrade first,Clear standalone search demand and direct utility intent.
https://codeconvert.net/html-formatter,html-formatter,Html Formatter,directory,HTML,A,7,9,6,7,Index and upgrade first,Clear standalone search demand and direct utility intent.
https://codeconvert.net/css-formatter,css-formatter,Css Formatter,directory,CSS,A,7,9,6,7,Index and upgrade first,Clear standalone search demand and direct utility intent.
https://codeconvert.net/scss-formatter,scss-formatter,Scss Formatter,directory,CSS,B,5,6,4,6,Keep indexed only after page-specific upgrade,"Relevant utility intent, but needs unique definitions, examples, and tool-specific copy."
https://codeconvert.net/javascript-formatter,javascript-formatter,Javascript Formatter,directory,Formatter,A,7,9,6,7,Index and upgrade first,Clear standalone search demand and direct utility intent.
https://codeconvert.net/typescript-formatter,typescript-formatter,Typescript Formatter,directory,Formatter,A,7,9,6,7,Index and upgrade first,Clear standalone search demand and direct utility intent.
https://codeconvert.net/react-formatter,react-formatter,React Formatter,directory,Formatter,B,5,6,4,6,Keep indexed only after page-specific upgrade,"Relevant utility intent, but needs unique definitions, examples, and tool-specific copy."
https://codeconvert.net/angular-formatter,angular-formatter,Angular Formatter,directory,Formatter,B,5,6,4,6,Keep indexed only after page-specific upgrade,"Relevant utility intent, but needs unique definitions, examples, and tool-specific copy."
https://codeconvert.net/vue-js-formatter,vue-js-formatter,Vue Js Formatter,directory,Formatter,B,5,6,4,6,Keep indexed only after page-specific upgrade,"Relevant utility intent, but needs unique definitions, examples, and tool-specific copy."
https://codeconvert.net/babel-formatter,babel-formatter,Babel Formatter,directory,Formatter,B,5,6,4,6,Keep indexed only after page-specific upgrade,"Relevant utility intent, but needs unique definitions, examples, and tool-specific copy."
https://codeconvert.net/mdx-formatter,mdx-formatter,Mdx Formatter,directory,Formatter,B,5,6,4,6,Keep indexed only after page-specific upgrade,"Relevant utility intent, but needs unique definitions, examples, and tool-specific copy."
https://codeconvert.net/glimmer-js-formatter,glimmer-js-formatter,Glimmer Js Formatter,directory,Formatter,B,5,6,4,6,Keep indexed only after page-specific upgrade,"Relevant utility intent, but needs unique definitions, examples, and tool-specific copy."
https://codeconvert.net/lwc-formatter,lwc-formatter,Lwc Formatter,directory,Formatter,B,5,6,4,6,Keep indexed only after page-specific upgrade,"Relevant utility intent, but needs unique definitions, examples, and tool-specific copy."
https://codeconvert.net/less-formatter,less-formatter,Less Formatter,directory,CSS,B,5,6,4,6,Keep indexed only after page-specific upgrade,"Relevant utility intent, but needs unique definitions, examples, and tool-specific copy."
https://codeconvert.net/php-formatter,php-formatter,Php Formatter,directory,Formatter,B,5,6,4,6,Keep indexed only after page-specific upgrade,"Relevant utility intent, but needs unique definitions, examples, and tool-specific copy."
https://codeconvert.net/wsdl-formatter,wsdl-formatter,Wsdl Formatter,directory,Formatter,B,5,6,4,6,Keep indexed only after page-specific upgrade,"Relevant utility intent, but needs unique definitions, examples, and tool-specific copy."
https://codeconvert.net/soap-formatter,soap-formatter,Soap Formatter,directory,Formatter,B,5,6,4,6,Keep indexed only after page-specific upgrade,"Relevant utility intent, but needs unique definitions, examples, and tool-specific copy."
https://codeconvert.net/flow-formatter,flow-formatter,Flow Formatter,directory,Formatter,B,5,6,4,6,Keep indexed only after page-specific upgrade,"Relevant utility intent, but needs unique definitions, examples, and tool-specific copy."
https://codeconvert.net/java-formatter,java-formatter,Java Formatter,directory,Formatter,B,5,6,4,6,Keep indexed only after page-specific upgrade,"Relevant utility intent, but needs unique definitions, examples, and tool-specific copy."
https://codeconvert.net/csharp-formatter,csharp-formatter,Csharp Formatter,directory,Formatter,B,5,6,4,6,Keep indexed only after page-specific upgrade,"Relevant utility intent, but needs unique definitions, examples, and tool-specific copy."
https://codeconvert.net/c-cplusplus-formatter,c-cplusplus-formatter,C Cplusplus Formatter,directory,Formatter,B,5,6,4,6,Keep indexed only after page-specific upgrade,"Relevant utility intent, but needs unique definitions, examples, and tool-specific copy."
https://codeconvert.net/go-formatter,go-formatter,Go Formatter,directory,Formatter,B,5,6,4,6,Keep indexed only after page-specific upgrade,"Relevant utility intent, but needs unique definitions, examples, and tool-specific copy."
https://codeconvert.net/markdown-formatter,markdown-formatter,Markdown Formatter,directory,Formatter,B,5,6,4,6,Keep indexed only after page-specific upgrade,"Relevant utility intent, but needs unique definitions, examples, and tool-specific copy."
https://codeconvert.net/yaml-formatter,yaml-formatter,Yaml Formatter,directory,Formatter,A,7,9,6,7,Index and upgrade first,Clear standalone search demand and direct utility intent.
https://codeconvert.net/minify-html,minify-html,Minify Html,directory,HTML,B,5,6,4,6,Keep indexed only after page-specific upgrade,"Relevant utility intent, but needs unique definitions, examples, and tool-specific copy."
https://codeconvert.net/minify-json,minify-json,Minify Json,directory,JSON,B,5,6,4,6,Keep indexed only after page-specific upgrade,"Relevant utility intent, but needs unique definitions, examples, and tool-specific copy."
https://codeconvert.net/minify-xml,minify-xml,Minify Xml,directory,XML,B,5,6,4,6,Keep indexed only after page-specific upgrade,"Relevant utility intent, but needs unique definitions, examples, and tool-specific copy."
https://codeconvert.net/sql-minifier,sql-minifier,Sql Minifier,directory,Formatter,B,5,6,4,6,Keep indexed only after page-specific upgrade,"Relevant utility intent, but needs unique definitions, examples, and tool-specific copy."
https://codeconvert.net/lua-minifier,lua-minifier,Lua Minifier,directory,Formatter,B,5,6,4,6,Keep indexed only after page-specific upgrade,"Relevant utility intent, but needs unique definitions, examples, and tool-specific copy."
https://codeconvert.net/text-minifier,text-minifier,Text Minifier,directory,Text Tools,B,5,6,4,6,Keep indexed only after page-specific upgrade,"Relevant utility intent, but needs unique definitions, examples, and tool-specific copy."
https://codeconvert.net/remove-comments,remove-comments,Remove Comments,directory,Other,B,3,3,2,4,Noindex recommended,Low or unclear search value under current template.
https://codeconvert.net/add-line-numbers,add-line-numbers,Add Line Numbers,directory,Text Tools,B,5,6,4,6,Keep indexed only after page-specific upgrade,"Relevant utility intent, but needs unique definitions, examples, and tool-specific copy."
https://codeconvert.net/text-wrap,text-wrap,Text Wrap,directory,Text Tools,B,5,6,4,6,Keep indexed only after page-specific upgrade,"Relevant utility intent, but needs unique definitions, examples, and tool-specific copy."
https://codeconvert.net/json-beautifier,json-beautifier,Json Beautifier,directory,JSON,A,7,9,6,7,Index and upgrade first,Clear standalone search demand and direct utility intent.
https://codeconvert.net/css-beautifier,css-beautifier,Css Beautifier,directory,CSS,B,5,6,4,6,Keep indexed only after page-specific upgrade,"Relevant utility intent, but needs unique definitions, examples, and tool-specific copy."
https://codeconvert.net/xml-beautifier,xml-beautifier,Xml Beautifier,directory,XML,B,5,6,4,6,Keep indexed only after page-specific upgrade,"Relevant utility intent, but needs unique definitions, examples, and tool-specific copy."
https://codeconvert.net/html-beautifier,html-beautifier,Html Beautifier,directory,HTML,B,5,6,4,6,Keep indexed only after page-specific upgrade,"Relevant utility intent, but needs unique definitions, examples, and tool-specific copy."
https://codeconvert.net/javascript-beautifier,javascript-beautifier,Javascript Beautifier,directory,Formatter,B,5,6,4,6,Keep indexed only after page-specific upgrade,"Relevant utility intent, but needs unique definitions, examples, and tool-specific copy."
https://codeconvert.net/yaml-beautifier,yaml-beautifier,Yaml Beautifier,directory,Formatter,B,5,6,4,6,Keep indexed only after page-specific upgrade,"Relevant utility intent, but needs unique definitions, examples, and tool-specific copy."
https://codeconvert.net/csharp-beautifier,csharp-beautifier,Csharp Beautifier,directory,Formatter,B,5,6,4,6,Keep indexed only after page-specific upgrade,"Relevant utility intent, but needs unique definitions, examples, and tool-specific copy."
https://codeconvert.net/java-beautifier,java-beautifier,Java Beautifier,directory,Formatter,B,5,6,4,6,Keep indexed only after page-specific upgrade,"Relevant utility intent, but needs unique definitions, examples, and tool-specific copy."
https://codeconvert.net/c-beautifier,c-beautifier,C Beautifier,directory,Formatter,B,5,6,4,6,Keep indexed only after page-specific upgrade,"Relevant utility intent, but needs unique definitions, examples, and tool-specific copy."
https://codeconvert.net/cplusplus-beautifier,cplusplus-beautifier,Cplusplus Beautifier,directory,Formatter,B,5,6,4,6,Keep indexed only after page-specific upgrade,"Relevant utility intent, but needs unique definitions, examples, and tool-specific copy."
https://codeconvert.net/less-beautifier,less-beautifier,Less Beautifier,directory,CSS,B,5,6,4,6,Keep indexed only after page-specific upgrade,"Relevant utility intent, but needs unique definitions, examples, and tool-specific copy."
https://codeconvert.net/scss-beautifier,scss-beautifier,Scss Beautifier,directory,CSS,B,5,6,4,6,Keep indexed only after page-specific upgrade,"Relevant utility intent, but needs unique definitions, examples, and tool-specific copy."
https://codeconvert.net/graphql-beautifier,graphql-beautifier,Graphql Beautifier,directory,Formatter,B,5,6,4,6,Keep indexed only after page-specific upgrade,"Relevant utility intent, but needs unique definitions, examples, and tool-specific copy."
https://codeconvert.net/php-beautifier,php-beautifier,Php Beautifier,directory,Formatter,B,5,6,4,6,Keep indexed only after page-specific upgrade,"Relevant utility intent, but needs unique definitions, examples, and tool-specific copy."
https://codeconvert.net/python-beautifier,python-beautifier,Python Beautifier,directory,Formatter,B,5,6,4,6,Keep indexed only after page-specific upgrade,"Relevant utility intent, but needs unique definitions, examples, and tool-specific copy."
https://codeconvert.net/perl-beautifier,perl-beautifier,Perl Beautifier,directory,Formatter,B,5,6,4,6,Keep indexed only after page-specific upgrade,"Relevant utility intent, but needs unique definitions, examples, and tool-specific copy."
https://codeconvert.net/ruby-beautifier,ruby-beautifier,Ruby Beautifier,directory,Formatter,B,5,6,4,6,Keep indexed only after page-specific upgrade,"Relevant utility intent, but needs unique definitions, examples, and tool-specific copy."
https://codeconvert.net/lua-beautifier,lua-beautifier,Lua Beautifier,directory,Formatter,B,5,6,4,6,Keep indexed only after page-specific upgrade,"Relevant utility intent, but needs unique definitions, examples, and tool-specific copy."
https://codeconvert.net/xaml-beautifier,xaml-beautifier,Xaml Beautifier,directory,Formatter,B,5,6,4,6,Keep indexed only after page-specific upgrade,"Relevant utility intent, but needs unique definitions, examples, and tool-specific copy."
https://codeconvert.net/regex-tester,regex-tester,Regex Tester,directory,Regex,A,7,9,6,7,Index and upgrade first,Clear standalone search demand and direct utility intent.
https://codeconvert.net/regex-generator,regex-generator,Regex Generator,directory,Regex,B,5,6,4,6,Keep indexed only after page-specific upgrade,"Relevant utility intent, but needs unique definitions, examples, and tool-specific copy."
https://codeconvert.net/regex-cheat-sheet,regex-cheat-sheet,Regex Cheat Sheet,directory,Regex,B,5,6,4,6,Keep indexed only after page-specific upgrade,"Relevant utility intent, but needs unique definitions, examples, and tool-specific copy."
https://codeconvert.net/regex-extractor,regex-extractor,Regex Extractor,directory,Regex,B,5,6,4,6,Keep indexed only after page-specific upgrade,"Relevant utility intent, but needs unique definitions, examples, and tool-specific copy."
https://codeconvert.net/regex-replace,regex-replace,Regex Replace,directory,Regex,B,5,6,4,6,Keep indexed only after page-specific upgrade,"Relevant utility intent, but needs unique definitions, examples, and tool-specific copy."
https://codeconvert.net/regex-split,regex-split,Regex Split,directory,Regex,B,5,6,4,6,Keep indexed only after page-specific upgrade,"Relevant utility intent, but needs unique definitions, examples, and tool-specific copy."
https://codeconvert.net/regex-escape,regex-escape,Regex Escape,directory,Regex,B,5,6,4,6,Keep indexed only after page-specific upgrade,"Relevant utility intent, but needs unique definitions, examples, and tool-specific copy."
https://codeconvert.net/regex-unescape,regex-unescape,Regex Unescape,directory,Regex,B,5,6,4,6,Keep indexed only after page-specific upgrade,"Relevant utility intent, but needs unique definitions, examples, and tool-specific copy."
https://codeconvert.net/regex-explainer,regex-explainer,Regex Explainer,directory,Regex,B,5,6,4,6,Keep indexed only after page-specific upgrade,"Relevant utility intent, but needs unique definitions, examples, and tool-specific copy."
https://codeconvert.net/regex-matcher,regex-matcher,Regex Matcher,directory,Regex,B,5,6,4,6,Keep indexed only after page-specific upgrade,"Relevant utility intent, but needs unique definitions, examples, and tool-specific copy."
https://codeconvert.net/regex-validator,regex-validator,Regex Validator,directory,Regex,B,5,6,4,6,Keep indexed only after page-specific upgrade,"Relevant utility intent, but needs unique definitions, examples, and tool-specific copy."
https://codeconvert.net/regex-groups,regex-groups,Regex Groups,directory,Regex,B,5,6,4,6,Keep indexed only after page-specific upgrade,"Relevant utility intent, but needs unique definitions, examples, and tool-specific copy."
https://codeconvert.net/email-regex,email-regex,Email Regex,directory,Regex,B,5,6,4,6,Keep indexed only after page-specific upgrade,"Relevant utility intent, but needs unique definitions, examples, and tool-specific copy."
https://codeconvert.net/url-regex,url-regex,Url Regex,directory,Regex,B,5,6,4,6,Keep indexed only after page-specific upgrade,"Relevant utility intent, but needs unique definitions, examples, and tool-specific copy."
https://codeconvert.net/phone-regex,phone-regex,Phone Regex,directory,Regex,B,5,6,4,6,Keep indexed only after page-specific upgrade,"Relevant utility intent, but needs unique definitions, examples, and tool-specific copy."
https://codeconvert.net/password-regex,password-regex,Password Regex,directory,Regex,B,5,6,4,6,Keep indexed only after page-specific upgrade,"Relevant utility intent, but needs unique definitions, examples, and tool-specific copy."
https://codeconvert.net/http-headers,http-headers,Http Headers,directory,Network,B,3,3,2,4,Noindex recommended,Low or unclear search value under current template.
https://codeconvert.net/url-extractor,url-extractor,Url Extractor,directory,Network,B,3,3,2,4,Noindex recommended,Low or unclear search value under current template.
https://codeconvert.net/ping-test,ping-test,Ping Test,directory,Other,B,3,3,2,4,Noindex recommended,Low or unclear search value under current template.
https://codeconvert.net/traceroute,traceroute,Traceroute,directory,Other,B,3,3,2,4,Noindex recommended,Low or unclear search value under current template.
https://codeconvert.net/domain-checker,domain-checker,Domain Checker,directory,Network,B,3,3,2,4,Noindex recommended,Low or unclear search value under current template.
https://codeconvert.net/port-scanner,port-scanner,Port Scanner,directory,Other,B,3,3,2,4,Noindex recommended,Low or unclear search value under current template.
https://codeconvert.net/subdomain-finder,subdomain-finder,Subdomain Finder,directory,Network,B,3,3,2,4,Noindex recommended,Low or unclear search value under current template.
https://codeconvert.net/http-status-checker,http-status-checker,Http Status Checker,directory,Network,B,3,3,2,4,Noindex recommended,Low or unclear search value under current template.
https://codeconvert.net/redirect-checker,redirect-checker,Redirect Checker,directory,Other,B,3,3,2,4,Noindex recommended,Low or unclear search value under current template.
https://codeconvert.net/dns-propagation,dns-propagation,Dns Propagation,directory,Network,B,3,3,2,4,Noindex recommended,Low or unclear search value under current template.
https://codeconvert.net/ip-information,ip-information,Ip Information,directory,Network,B,3,3,2,4,Noindex recommended,Low or unclear search value under current template.
https://codeconvert.net/dns-record-viewer,dns-record-viewer,Dns Record Viewer,directory,Network,B,3,3,2,4,Noindex recommended,Low or unclear search value under current template.
https://codeconvert.net/url-parser,url-parser,Url Parser,directory,Network,B,3,3,2,4,Noindex recommended,Low or unclear search value under current template.
https://codeconvert.net/query-string-parser,query-string-parser,Query String Parser,directory,Other,B,3,3,2,4,Noindex recommended,Low or unclear search value under current template.
https://codeconvert.net/ipv4-converter,ipv4-converter,Ipv4 Converter,directory,Network,B,3,3,2,4,Noindex recommended,Low or unclear search value under current template.
https://codeconvert.net/mac-address-lookup,mac-address-lookup,Mac Address Lookup,directory,Other,B,3,3,2,4,Noindex recommended,Low or unclear search value under current template.
https://codeconvert.net/apa-citation-generator,apa-citation-generator,Apa Citation Generator,directory,Other,B,3,3,2,4,Noindex recommended,Low or unclear search value under current template.
https://codeconvert.net/character-remover,character-remover,Character Remover,directory,Text Tools,B,5,6,4,6,Keep indexed only after page-specific upgrade,"Relevant utility intent, but needs unique definitions, examples, and tool-specific copy."
https://codeconvert.net/duplicate-line-remover,duplicate-line-remover,Duplicate Line Remover,directory,Text Tools,B,5,6,4,6,Keep indexed only after page-specific upgrade,"Relevant utility intent, but needs unique definitions, examples, and tool-specific copy."
https://codeconvert.net/duplicate-word-finder,duplicate-word-finder,Duplicate Word Finder,directory,Text Tools,B,5,6,4,6,Keep indexed only after page-specific upgrade,"Relevant utility intent, but needs unique definitions, examples, and tool-specific copy."
https://codeconvert.net/em-dash-remover,em-dash-remover,Em Dash Remover,directory,Other,B,3,3,2,4,Noindex recommended,Low or unclear search value under current template.
https://codeconvert.net/find-and-replace-text,find-and-replace-text,Find And Replace Text,directory,Text Tools,B,5,6,4,6,Keep indexed only after page-specific upgrade,"Relevant utility intent, but needs unique definitions, examples, and tool-specific copy."
https://codeconvert.net/text-splitter,text-splitter,Text Splitter,directory,Text Tools,B,5,6,4,6,Keep indexed only after page-specific upgrade,"Relevant utility intent, but needs unique definitions, examples, and tool-specific copy."
https://codeconvert.net/text-joiner,text-joiner,Text Joiner,directory,Text Tools,B,5,6,4,6,Keep indexed only after page-specific upgrade,"Relevant utility intent, but needs unique definitions, examples, and tool-specific copy."
https://codeconvert.net/text-escape-tool,text-escape-tool,Text Escape Tool,directory,Text Tools,B,5,6,4,6,Keep indexed only after page-specific upgrade,"Relevant utility intent, but needs unique definitions, examples, and tool-specific copy."
https://codeconvert.net/text-beautifier,text-beautifier,Text Beautifier,directory,Text Tools,B,5,6,4,6,Keep indexed only after page-specific upgrade,"Relevant utility intent, but needs unique definitions, examples, and tool-specific copy."
https://codeconvert.net/text-line-length-filter,text-line-length-filter,Text Line Length Filter,directory,Text Tools,B,5,6,4,6,Keep indexed only after page-specific upgrade,"Relevant utility intent, but needs unique definitions, examples, and tool-specific copy."
https://codeconvert.net/fixed-length-text-lines,fixed-length-text-lines,Fixed Length Text Lines,directory,Text Tools,B,5,6,4,6,Keep indexed only after page-specific upgrade,"Relevant utility intent, but needs unique definitions, examples, and tool-specific copy."
https://codeconvert.net/punctuation-converter,punctuation-converter,Punctuation Converter,directory,Other,B,3,3,2,4,Noindex recommended,Low or unclear search value under current template.
https://codeconvert.net/key-value-to-code,key-value-to-code,Key Value To Code,directory,Other,B,3,3,2,4,Noindex recommended,Low or unclear search value under current template.
https://codeconvert.net/directory-tree-generator,directory-tree-generator,Directory Tree Generator,directory,Other,B,3,3,2,4,Noindex recommended,Low or unclear search value under current template.
https://codeconvert.net/pinyin-converter,pinyin-converter,Pinyin Converter,directory,Other,B,3,3,2,4,Noindex recommended,Low or unclear search value under current template.
https://codeconvert.net/simplified-traditional-converter,simplified-traditional-converter,Simplified Traditional Converter,directory,Other,B,3,3,2,4,Noindex recommended,Low or unclear search value under current template.
https://codeconvert.net/camelcase-converter,camelcase-converter,Camelcase Converter,directory,Text Tools,B,5,6,4,6,Keep indexed only after page-specific upgrade,"Relevant utility intent, but needs unique definitions, examples, and tool-specific copy."
https://codeconvert.net/pascalcase-converter,pascalcase-converter,Pascalcase Converter,directory,Text Tools,B,5,6,4,6,Keep indexed only after page-specific upgrade,"Relevant utility intent, but needs unique definitions, examples, and tool-specific copy."
https://codeconvert.net/snake-case-converter,snake-case-converter,Snake Case Converter,directory,Text Tools,B,5,6,4,6,Keep indexed only after page-specific upgrade,"Relevant utility intent, but needs unique definitions, examples, and tool-specific copy."
https://codeconvert.net/kebab-case-converter,kebab-case-converter,Kebab Case Converter,directory,Text Tools,B,5,6,4,6,Keep indexed only after page-specific upgrade,"Relevant utility intent, but needs unique definitions, examples, and tool-specific copy."
https://codeconvert.net/dot-case-converter,dot-case-converter,Dot Case Converter,directory,Text Tools,B,5,6,4,6,Keep indexed only after page-specific upgrade,"Relevant utility intent, but needs unique definitions, examples, and tool-specific copy."
https://codeconvert.net/invisible-text-generator,invisible-text-generator,Invisible Text Generator,directory,Text Tools,B,5,6,4,6,Keep indexed only after page-specific upgrade,"Relevant utility intent, but needs unique definitions, examples, and tool-specific copy."
https://codeconvert.net/nato-phonetic-alphabet-translator,nato-phonetic-alphabet-translator,Nato Phonetic Alphabet Translator,directory,Other,B,3,3,2,4,Noindex recommended,Low or unclear search value under current template.
https://codeconvert.net/online-notepad,online-notepad,Online Notepad,directory,Text Tools,B,5,6,4,6,Keep indexed only after page-specific upgrade,"Relevant utility intent, but needs unique definitions, examples, and tool-specific copy."
https://codeconvert.net/online-sentence-counter,online-sentence-counter,Online Sentence Counter,directory,Text Tools,B,5,6,4,6,Keep indexed only after page-specific upgrade,"Relevant utility intent, but needs unique definitions, examples, and tool-specific copy."
https://codeconvert.net/phonetic-spelling-tool,phonetic-spelling-tool,Phonetic Spelling Tool,directory,Other,B,3,3,2,4,Noindex recommended,Low or unclear search value under current template.
https://codeconvert.net/pig-latin-translator,pig-latin-translator,Pig Latin Translator,directory,Other,B,3,3,2,4,Noindex recommended,Low or unclear search value under current template.
https://codeconvert.net/plain-text-converter,plain-text-converter,Plain Text Converter,directory,Text Tools,B,5,6,4,6,Keep indexed only after page-specific upgrade,"Relevant utility intent, but needs unique definitions, examples, and tool-specific copy."
https://codeconvert.net/markdown-table-generator,markdown-table-generator,Markdown Table Generator,directory,Other,B,3,3,2,4,Noindex recommended,Low or unclear search value under current template.
https://codeconvert.net/aesthetic-text,aesthetic-text,Aesthetic Text,directory,Text Tools,B,5,6,4,6,Keep indexed only after page-specific upgrade,"Relevant utility intent, but needs unique definitions, examples, and tool-specific copy."
https://codeconvert.net/big-text-generator,big-text-generator,Big Text Generator,directory,Text Tools,B,5,6,4,6,Keep indexed only after page-specific upgrade,"Relevant utility intent, but needs unique definitions, examples, and tool-specific copy."
https://codeconvert.net/bold-text-generator,bold-text-generator,Bold Text Generator,directory,Text Tools,B,5,6,4,6,Keep indexed only after page-specific upgrade,"Relevant utility intent, but needs unique definitions, examples, and tool-specific copy."
https://codeconvert.net/bubble-text-generator,bubble-text-generator,Bubble Text Generator,directory,Text Tools,B,5,6,4,6,Keep indexed only after page-specific upgrade,"Relevant utility intent, but needs unique definitions, examples, and tool-specific copy."
https://codeconvert.net/cursed-text-tool,cursed-text-tool,Cursed Text Tool,directory,Text Tools,B,5,6,4,6,Keep indexed only after page-specific upgrade,"Relevant utility intent, but needs unique definitions, examples, and tool-specific copy."
https://codeconvert.net/cute-font-generator,cute-font-generator,Cute Font Generator,directory,Other,B,3,3,2,4,Noindex recommended,Low or unclear search value under current template.
https://codeconvert.net/discord-font-generator,discord-font-generator,Discord Font Generator,directory,Other,B,3,3,2,4,Noindex recommended,Low or unclear search value under current template.
https://codeconvert.net/double-struck-text,double-struck-text,Double Struck Text,directory,Text Tools,B,5,6,4,6,Keep indexed only after page-specific upgrade,"Relevant utility intent, but needs unique definitions, examples, and tool-specific copy."
https://codeconvert.net/facebook-font-generator,facebook-font-generator,Facebook Font Generator,directory,Other,B,3,3,2,4,Noindex recommended,Low or unclear search value under current template.
https://codeconvert.net/fancy-text-generator,fancy-text-generator,Fancy Text Generator,directory,Text Tools,B,5,6,4,6,Keep indexed only after page-specific upgrade,"Relevant utility intent, but needs unique definitions, examples, and tool-specific copy."
https://codeconvert.net/fonts-for-instagram,fonts-for-instagram,Fonts For Instagram,directory,Other,B,3,3,2,4,Noindex recommended,Low or unclear search value under current template.
https://codeconvert.net/gothic-text,gothic-text,Gothic Text,directory,Text Tools,B,5,6,4,6,Keep indexed only after page-specific upgrade,"Relevant utility intent, but needs unique definitions, examples, and tool-specific copy."
https://codeconvert.net/italic-text-generator,italic-text-generator,Italic Text Generator,directory,Text Tools,B,5,6,4,6,Keep indexed only after page-specific upgrade,"Relevant utility intent, but needs unique definitions, examples, and tool-specific copy."
https://codeconvert.net/mirror-text-generator,mirror-text-generator,Mirror Text Generator,directory,Text Tools,B,5,6,4,6,Keep indexed only after page-specific upgrade,"Relevant utility intent, but needs unique definitions, examples, and tool-specific copy."
https://codeconvert.net/slash-text-generator,slash-text-generator,Slash Text Generator,directory,Text Tools,B,5,6,4,6,Keep indexed only after page-specific upgrade,"Relevant utility intent, but needs unique definitions, examples, and tool-specific copy."
https://codeconvert.net/small-text-generator,small-text-generator,Small Text Generator,directory,Text Tools,B,5,6,4,6,Keep indexed only after page-specific upgrade,"Relevant utility intent, but needs unique definitions, examples, and tool-specific copy."
https://codeconvert.net/stacked-text-generator,stacked-text-generator,Stacked Text Generator,directory,Text Tools,B,5,6,4,6,Keep indexed only after page-specific upgrade,"Relevant utility intent, but needs unique definitions, examples, and tool-specific copy."
https://codeconvert.net/strikethrough-text-generator,strikethrough-text-generator,Strikethrough Text Generator,directory,Text Tools,B,5,6,4,6,Keep indexed only after page-specific upgrade,"Relevant utility intent, but needs unique definitions, examples, and tool-specific copy."
https://codeconvert.net/subscript-generator,subscript-generator,Subscript Generator,directory,Network,B,3,3,2,4,Noindex recommended,Low or unclear search value under current template.
https://codeconvert.net/superscript-generator,superscript-generator,Superscript Generator,directory,Network,B,3,3,2,4,Noindex recommended,Low or unclear search value under current template.
https://codeconvert.net/tiktok-font-generator,tiktok-font-generator,Tiktok Font Generator,directory,Other,B,3,3,2,4,Noindex recommended,Low or unclear search value under current template.
https://codeconvert.net/twitter-font-generator,twitter-font-generator,Twitter Font Generator,directory,Other,B,3,3,2,4,Noindex recommended,Low or unclear search value under current template.
https://codeconvert.net/typewriter-text,typewriter-text,Typewriter Text,directory,Text Tools,B,5,6,4,6,Keep indexed only after page-specific upgrade,"Relevant utility intent, but needs unique definitions, examples, and tool-specific copy."
https://codeconvert.net/underline-text-generator,underline-text-generator,Underline Text Generator,directory,Text Tools,B,5,6,4,6,Keep indexed only after page-specific upgrade,"Relevant utility intent, but needs unique definitions, examples, and tool-specific copy."
https://codeconvert.net/unicode-text-converter,unicode-text-converter,Unicode Text Converter,directory,Encode/Decode,B,5,6,4,6,Keep indexed only after page-specific upgrade,"Relevant utility intent, but needs unique definitions, examples, and tool-specific copy."
https://codeconvert.net/unicode-to-text-converter,unicode-to-text-converter,Unicode To Text Converter,language_converter,Code,B,3,3,1,4,Noindex until unique examples exist,Programmatic long-tail converter with near-duplicate template and weak demand.
https://codeconvert.net/upside-down-text,upside-down-text,Upside Down Text,directory,Text Tools,B,5,6,4,6,Keep indexed only after page-specific upgrade,"Relevant utility intent, but needs unique definitions, examples, and tool-specific copy."
https://codeconvert.net/whatsapp-font-generator,whatsapp-font-generator,Whatsapp Font Generator,directory,Other,B,3,3,2,4,Noindex recommended,Low or unclear search value under current template.
https://codeconvert.net/wide-text-generator,wide-text-generator,Wide Text Generator,directory,Text Tools,B,5,6,4,6,Keep indexed only after page-specific upgrade,"Relevant utility intent, but needs unique definitions, examples, and tool-specific copy."
https://codeconvert.net/zalgo-text-generator,zalgo-text-generator,Zalgo Text Generator,directory,Text Tools,B,5,6,4,6,Keep indexed only after page-specific upgrade,"Relevant utility intent, but needs unique definitions, examples, and tool-specific copy."
https://codeconvert.net/remove-line-breaks,remove-line-breaks,Remove Line Breaks,directory,Text Tools,A,7,9,6,7,Index and upgrade first,Clear standalone search demand and direct utility intent.
https://codeconvert.net/remove-text-formatting,remove-text-formatting,Remove Text Formatting,directory,Text Tools,B,5,6,4,6,Keep indexed only after page-specific upgrade,"Relevant utility intent, but needs unique definitions, examples, and tool-specific copy."
https://codeconvert.net/remove-underscores,remove-underscores,Remove Underscores,directory,Other,B,3,3,2,4,Noindex recommended,Low or unclear search value under current template.
https://codeconvert.net/repeat-text-generator,repeat-text-generator,Repeat Text Generator,directory,Text Tools,B,5,6,4,6,Keep indexed only after page-specific upgrade,"Relevant utility intent, but needs unique definitions, examples, and tool-specific copy."
https://codeconvert.net/reverse-text-generator,reverse-text-generator,Reverse Text Generator,directory,Text Tools,B,5,6,4,6,Keep indexed only after page-specific upgrade,"Relevant utility intent, but needs unique definitions, examples, and tool-specific copy."
https://codeconvert.net/roman-numeral-dates,roman-numeral-dates,Roman Numeral Dates,directory,Other,B,3,3,2,4,Noindex recommended,Low or unclear search value under current template.
https://codeconvert.net/sentence-case-converter,sentence-case-converter,Sentence Case Converter,directory,Text Tools,B,5,6,4,6,Keep indexed only after page-specific upgrade,"Relevant utility intent, but needs unique definitions, examples, and tool-specific copy."
https://codeconvert.net/sort-words-alphabetically,sort-words-alphabetically,Sort Words Alphabetically,directory,Text Tools,B,5,6,4,6,Keep indexed only after page-specific upgrade,"Relevant utility intent, but needs unique definitions, examples, and tool-specific copy."
https://codeconvert.net/title-case-converter,title-case-converter,Title Case Converter,directory,Text Tools,B,5,6,4,6,Keep indexed only after page-specific upgrade,"Relevant utility intent, but needs unique definitions, examples, and tool-specific copy."
https://codeconvert.net/whitespace-remover,whitespace-remover,Whitespace Remover,directory,Text Tools,B,5,6,4,6,Keep indexed only after page-specific upgrade,"Relevant utility intent, but needs unique definitions, examples, and tool-specific copy."
https://codeconvert.net/wingdings-translator,wingdings-translator,Wingdings Translator,directory,Other,B,3,3,2,4,Noindex recommended,Low or unclear search value under current template.
https://codeconvert.net/word-cloud-generator,word-cloud-generator,Word Cloud Generator,directory,Text Tools,B,5,6,4,6,Keep indexed only after page-specific upgrade,"Relevant utility intent, but needs unique definitions, examples, and tool-specific copy."
https://codeconvert.net/word-frequency-counter,word-frequency-counter,Word Frequency Counter,directory,Text Tools,B,5,6,4,6,Keep indexed only after page-specific upgrade,"Relevant utility intent, but needs unique definitions, examples, and tool-specific copy."
https://codeconvert.net/javascript-to-python-converter,javascript-to-python-converter,Javascript To Python Converter,language_converter,Code,A,6,7,4,4,Index after manual upgrade,Real conversion demand but needs language-pair examples and comparison.
https://codeconvert.net/javascript-to-typescript-converter,javascript-to-typescript-converter,Javascript To Typescript Converter,language_converter,Code,A,6,7,4,4,Index after manual upgrade,Real conversion demand but needs language-pair examples and comparison.
https://codeconvert.net/javascript-to-java-converter,javascript-to-java-converter,Javascript To Java Converter,language_converter,Code,A,6,7,4,4,Index after manual upgrade,Real conversion demand but needs language-pair examples and comparison.
https://codeconvert.net/javascript-to-cpp-converter,javascript-to-cpp-converter,Javascript To Cpp Converter,language_converter,Code,A,6,7,4,4,Index after manual upgrade,Real conversion demand but needs language-pair examples and comparison.
https://codeconvert.net/javascript-to-csharp-converter,javascript-to-csharp-converter,Javascript To Csharp Converter,language_converter,Code,A,6,7,4,4,Index after manual upgrade,Real conversion demand but needs language-pair examples and comparison.
https://codeconvert.net/javascript-to-go-converter,javascript-to-go-converter,Javascript To Go Converter,language_converter,Code,A,6,7,4,4,Index after manual upgrade,Real conversion demand but needs language-pair examples and comparison.
https://codeconvert.net/javascript-to-rust-converter,javascript-to-rust-converter,Javascript To Rust Converter,language_converter,Code,A,6,7,4,4,Index after manual upgrade,Real conversion demand but needs language-pair examples and comparison.
https://codeconvert.net/javascript-to-ruby-converter,javascript-to-ruby-converter,Javascript To Ruby Converter,language_converter,Code,B,3,3,1,4,Noindex until unique examples exist,Programmatic long-tail converter with near-duplicate template and weak demand.
https://codeconvert.net/javascript-to-php-converter,javascript-to-php-converter,Javascript To Php Converter,language_converter,Code,A,6,7,4,4,Index after manual upgrade,Real conversion demand but needs language-pair examples and comparison.
https://codeconvert.net/javascript-to-swift-converter,javascript-to-swift-converter,Javascript To Swift Converter,language_converter,Code,B,3,3,1,4,Noindex until unique examples exist,Programmatic long-tail converter with near-duplicate template and weak demand.
https://codeconvert.net/javascript-to-kotlin-converter,javascript-to-kotlin-converter,Javascript To Kotlin Converter,language_converter,Code,B,3,3,1,4,Noindex until unique examples exist,Programmatic long-tail converter with near-duplicate template and weak demand.
https://codeconvert.net/javascript-to-sql-converter,javascript-to-sql-converter,Javascript To Sql Converter,language_converter,Code,A,6,7,4,4,Index after manual upgrade,Real conversion demand but needs language-pair examples and comparison.
https://codeconvert.net/javascript-to-bash-converter,javascript-to-bash-converter,Javascript To Bash Converter,language_converter,Code,A,6,7,4,4,Index after manual upgrade,Real conversion demand but needs language-pair examples and comparison.
https://codeconvert.net/javascript-to-r-converter,javascript-to-r-converter,Javascript To R Converter,language_converter,Code,B,3,3,1,4,Noindex until unique examples exist,Programmatic long-tail converter with near-duplicate template and weak demand.
https://codeconvert.net/javascript-to-lua-converter,javascript-to-lua-converter,Javascript To Lua Converter,language_converter,Code,B,3,3,1,4,Noindex until unique examples exist,Programmatic long-tail converter with near-duplicate template and weak demand.
https://codeconvert.net/javascript-to-dart-converter,javascript-to-dart-converter,Javascript To Dart Converter,language_converter,Code,B,3,3,1,4,Noindex until unique examples exist,Programmatic long-tail converter with near-duplicate template and weak demand.
https://codeconvert.net/javascript-to-scala-converter,javascript-to-scala-converter,Javascript To Scala Converter,language_converter,Code,B,3,3,1,4,Noindex until unique examples exist,Programmatic long-tail converter with near-duplicate template and weak demand.
https://codeconvert.net/javascript-to-perl-converter,javascript-to-perl-converter,Javascript To Perl Converter,language_converter,Code,B,3,3,1,4,Noindex until unique examples exist,Programmatic long-tail converter with near-duplicate template and weak demand.
https://codeconvert.net/javascript-to-matlab-converter,javascript-to-matlab-converter,Javascript To Matlab Converter,language_converter,Code,B,3,3,1,4,Noindex until unique examples exist,Programmatic long-tail converter with near-duplicate template and weak demand.
https://codeconvert.net/javascript-to-julia-converter,javascript-to-julia-converter,Javascript To Julia Converter,language_converter,Code,B,3,3,1,4,Noindex until unique examples exist,Programmatic long-tail converter with near-duplicate template and weak demand.
https://codeconvert.net/javascript-to-haskell-converter,javascript-to-haskell-converter,Javascript To Haskell Converter,language_converter,Code,B,3,3,1,4,Noindex until unique examples exist,Programmatic long-tail converter with near-duplicate template and weak demand.
https://codeconvert.net/javascript-to-elixir-converter,javascript-to-elixir-converter,Javascript To Elixir Converter,language_converter,Code,B,3,3,1,4,Noindex until unique examples exist,Programmatic long-tail converter with near-duplicate template and weak demand.
https://codeconvert.net/javascript-to-clojure-converter,javascript-to-clojure-converter,Javascript To Clojure Converter,language_converter,Code,B,3,3,1,4,Noindex until unique examples exist,Programmatic long-tail converter with near-duplicate template and weak demand.
https://codeconvert.net/javascript-to-cobol-converter,javascript-to-cobol-converter,Javascript To Cobol Converter,language_converter,Code,B,3,3,1,4,Noindex until unique examples exist,Programmatic long-tail converter with near-duplicate template and weak demand.
https://codeconvert.net/javascript-to-fortran-converter,javascript-to-fortran-converter,Javascript To Fortran Converter,language_converter,Code,B,3,3,1,4,Noindex until unique examples exist,Programmatic long-tail converter with near-duplicate template and weak demand.
https://codeconvert.net/javascript-to-pascal-converter,javascript-to-pascal-converter,Javascript To Pascal Converter,language_converter,Code,B,3,3,1,4,Noindex until unique examples exist,Programmatic long-tail converter with near-duplicate template and weak demand.
https://codeconvert.net/javascript-to-vbnet-converter,javascript-to-vbnet-converter,Javascript To Vbnet Converter,language_converter,Code,B,3,3,1,4,Noindex until unique examples exist,Programmatic long-tail converter with near-duplicate template and weak demand.
https://codeconvert.net/javascript-to-powershell-converter,javascript-to-powershell-converter,Javascript To Powershell Converter,language_converter,Code,A,6,7,4,4,Index after manual upgrade,Real conversion demand but needs language-pair examples and comparison.
https://codeconvert.net/javascript-to-objective-c-converter,javascript-to-objective-c-converter,Javascript To Objective C Converter,language_converter,Code,B,3,3,1,4,Noindex until unique examples exist,Programmatic long-tail converter with near-duplicate template and weak demand.
https://codeconvert.net/javascript-to-assembly-converter,javascript-to-assembly-converter,Javascript To Assembly Converter,language_converter,Code,B,3,3,1,4,Noindex until unique examples exist,Programmatic long-tail converter with near-duplicate template and weak demand.
https://codeconvert.net/python-to-javascript-converter,python-to-javascript-converter,Python To Javascript Converter,language_converter,Code,A,6,7,4,4,Index after manual upgrade,Real conversion demand but needs language-pair examples and comparison.
https://codeconvert.net/python-to-typescript-converter,python-to-typescript-converter,Python To Typescript Converter,language_converter,Code,A,6,7,4,4,Index after manual upgrade,Real conversion demand but needs language-pair examples and comparison.
https://codeconvert.net/python-to-java-converter,python-to-java-converter,Python To Java Converter,language_converter,Code,A,6,7,4,4,Index after manual upgrade,Real conversion demand but needs language-pair examples and comparison.
https://codeconvert.net/python-to-cpp-converter,python-to-cpp-converter,Python To Cpp Converter,language_converter,Code,A,6,7,4,4,Index after manual upgrade,Real conversion demand but needs language-pair examples and comparison.
https://codeconvert.net/python-to-csharp-converter,python-to-csharp-converter,Python To Csharp Converter,language_converter,Code,A,6,7,4,4,Index after manual upgrade,Real conversion demand but needs language-pair examples and comparison.
https://codeconvert.net/python-to-go-converter,python-to-go-converter,Python To Go Converter,language_converter,Code,A,6,7,4,4,Index after manual upgrade,Real conversion demand but needs language-pair examples and comparison.
https://codeconvert.net/python-to-rust-converter,python-to-rust-converter,Python To Rust Converter,language_converter,Code,A,6,7,4,4,Index after manual upgrade,Real conversion demand but needs language-pair examples and comparison.
https://codeconvert.net/python-to-ruby-converter,python-to-ruby-converter,Python To Ruby Converter,language_converter,Code,B,3,3,1,4,Noindex until unique examples exist,Programmatic long-tail converter with near-duplicate template and weak demand.
https://codeconvert.net/python-to-php-converter,python-to-php-converter,Python To Php Converter,language_converter,Code,A,6,7,4,4,Index after manual upgrade,Real conversion demand but needs language-pair examples and comparison.
https://codeconvert.net/python-to-swift-converter,python-to-swift-converter,Python To Swift Converter,language_converter,Code,B,3,3,1,4,Noindex until unique examples exist,Programmatic long-tail converter with near-duplicate template and weak demand.
https://codeconvert.net/python-to-kotlin-converter,python-to-kotlin-converter,Python To Kotlin Converter,language_converter,Code,B,3,3,1,4,Noindex until unique examples exist,Programmatic long-tail converter with near-duplicate template and weak demand.
https://codeconvert.net/python-to-sql-converter,python-to-sql-converter,Python To Sql Converter,language_converter,Code,A,6,7,4,4,Index after manual upgrade,Real conversion demand but needs language-pair examples and comparison.
https://codeconvert.net/python-to-bash-converter,python-to-bash-converter,Python To Bash Converter,language_converter,Code,A,6,7,4,4,Index after manual upgrade,Real conversion demand but needs language-pair examples and comparison.
https://codeconvert.net/python-to-r-converter,python-to-r-converter,Python To R Converter,language_converter,Code,B,3,3,1,4,Noindex until unique examples exist,Programmatic long-tail converter with near-duplicate template and weak demand.
https://codeconvert.net/python-to-lua-converter,python-to-lua-converter,Python To Lua Converter,language_converter,Code,B,3,3,1,4,Noindex until unique examples exist,Programmatic long-tail converter with near-duplicate template and weak demand.
https://codeconvert.net/python-to-dart-converter,python-to-dart-converter,Python To Dart Converter,language_converter,Code,B,3,3,1,4,Noindex until unique examples exist,Programmatic long-tail converter with near-duplicate template and weak demand.
https://codeconvert.net/python-to-scala-converter,python-to-scala-converter,Python To Scala Converter,language_converter,Code,B,3,3,1,4,Noindex until unique examples exist,Programmatic long-tail converter with near-duplicate template and weak demand.
https://codeconvert.net/python-to-perl-converter,python-to-perl-converter,Python To Perl Converter,language_converter,Code,B,3,3,1,4,Noindex until unique examples exist,Programmatic long-tail converter with near-duplicate template and weak demand.
https://codeconvert.net/python-to-matlab-converter,python-to-matlab-converter,Python To Matlab Converter,language_converter,Code,B,3,3,1,4,Noindex until unique examples exist,Programmatic long-tail converter with near-duplicate template and weak demand.
https://codeconvert.net/python-to-julia-converter,python-to-julia-converter,Python To Julia Converter,language_converter,Code,B,3,3,1,4,Noindex until unique examples exist,Programmatic long-tail converter with near-duplicate template and weak demand.
https://codeconvert.net/python-to-haskell-converter,python-to-haskell-converter,Python To Haskell Converter,language_converter,Code,B,3,3,1,4,Noindex until unique examples exist,Programmatic long-tail converter with near-duplicate template and weak demand.
https://codeconvert.net/python-to-elixir-converter,python-to-elixir-converter,Python To Elixir Converter,language_converter,Code,B,3,3,1,4,Noindex until unique examples exist,Programmatic long-tail converter with near-duplicate template and weak demand.
https://codeconvert.net/python-to-clojure-converter,python-to-clojure-converter,Python To Clojure Converter,language_converter,Code,B,3,3,1,4,Noindex until unique examples exist,Programmatic long-tail converter with near-duplicate template and weak demand.
https://codeconvert.net/python-to-cobol-converter,python-to-cobol-converter,Python To Cobol Converter,language_converter,Code,B,3,3,1,4,Noindex until unique examples exist,Programmatic long-tail converter with near-duplicate template and weak demand.
https://codeconvert.net/python-to-fortran-converter,python-to-fortran-converter,Python To Fortran Converter,language_converter,Code,B,3,3,1,4,Noindex until unique examples exist,Programmatic long-tail converter with near-duplicate template and weak demand.
https://codeconvert.net/python-to-pascal-converter,python-to-pascal-converter,Python To Pascal Converter,language_converter,Code,B,3,3,1,4,Noindex until unique examples exist,Programmatic long-tail converter with near-duplicate template and weak demand.
https://codeconvert.net/python-to-vbnet-converter,python-to-vbnet-converter,Python To Vbnet Converter,language_converter,Code,B,3,3,1,4,Noindex until unique examples exist,Programmatic long-tail converter with near-duplicate template and weak demand.
https://codeconvert.net/python-to-powershell-converter,python-to-powershell-converter,Python To Powershell Converter,language_converter,Code,A,6,7,4,4,Index after manual upgrade,Real conversion demand but needs language-pair examples and comparison.
https://codeconvert.net/python-to-objective-c-converter,python-to-objective-c-converter,Python To Objective C Converter,language_converter,Code,B,3,3,1,4,Noindex until unique examples exist,Programmatic long-tail converter with near-duplicate template and weak demand.
https://codeconvert.net/python-to-assembly-converter,python-to-assembly-converter,Python To Assembly Converter,language_converter,Code,B,3,3,1,4,Noindex until unique examples exist,Programmatic long-tail converter with near-duplicate template and weak demand.
https://codeconvert.net/typescript-to-javascript-converter,typescript-to-javascript-converter,Typescript To Javascript Converter,language_converter,Code,A,6,7,4,4,Index after manual upgrade,Real conversion demand but needs language-pair examples and comparison.
https://codeconvert.net/typescript-to-python-converter,typescript-to-python-converter,Typescript To Python Converter,language_converter,Code,A,6,7,4,4,Index after manual upgrade,Real conversion demand but needs language-pair examples and comparison.
https://codeconvert.net/typescript-to-java-converter,typescript-to-java-converter,Typescript To Java Converter,language_converter,Code,A,6,7,4,4,Index after manual upgrade,Real conversion demand but needs language-pair examples and comparison.
https://codeconvert.net/typescript-to-cpp-converter,typescript-to-cpp-converter,Typescript To Cpp Converter,language_converter,Code,A,6,7,4,4,Index after manual upgrade,Real conversion demand but needs language-pair examples and comparison.
https://codeconvert.net/typescript-to-csharp-converter,typescript-to-csharp-converter,Typescript To Csharp Converter,language_converter,Code,A,6,7,4,4,Index after manual upgrade,Real conversion demand but needs language-pair examples and comparison.
https://codeconvert.net/typescript-to-go-converter,typescript-to-go-converter,Typescript To Go Converter,language_converter,Code,A,6,7,4,4,Index after manual upgrade,Real conversion demand but needs language-pair examples and comparison.
https://codeconvert.net/typescript-to-rust-converter,typescript-to-rust-converter,Typescript To Rust Converter,language_converter,Code,A,6,7,4,4,Index after manual upgrade,Real conversion demand but needs language-pair examples and comparison.
https://codeconvert.net/typescript-to-ruby-converter,typescript-to-ruby-converter,Typescript To Ruby Converter,language_converter,Code,B,3,3,1,4,Noindex until unique examples exist,Programmatic long-tail converter with near-duplicate template and weak demand.
https://codeconvert.net/typescript-to-php-converter,typescript-to-php-converter,Typescript To Php Converter,language_converter,Code,A,6,7,4,4,Index after manual upgrade,Real conversion demand but needs language-pair examples and comparison.
https://codeconvert.net/typescript-to-swift-converter,typescript-to-swift-converter,Typescript To Swift Converter,language_converter,Code,B,3,3,1,4,Noindex until unique examples exist,Programmatic long-tail converter with near-duplicate template and weak demand.
https://codeconvert.net/typescript-to-kotlin-converter,typescript-to-kotlin-converter,Typescript To Kotlin Converter,language_converter,Code,B,3,3,1,4,Noindex until unique examples exist,Programmatic long-tail converter with near-duplicate template and weak demand.
https://codeconvert.net/typescript-to-sql-converter,typescript-to-sql-converter,Typescript To Sql Converter,language_converter,Code,A,6,7,4,4,Index after manual upgrade,Real conversion demand but needs language-pair examples and comparison.
https://codeconvert.net/typescript-to-bash-converter,typescript-to-bash-converter,Typescript To Bash Converter,language_converter,Code,A,6,7,4,4,Index after manual upgrade,Real conversion demand but needs language-pair examples and comparison.
https://codeconvert.net/typescript-to-r-converter,typescript-to-r-converter,Typescript To R Converter,language_converter,Code,B,3,3,1,4,Noindex until unique examples exist,Programmatic long-tail converter with near-duplicate template and weak demand.
https://codeconvert.net/typescript-to-lua-converter,typescript-to-lua-converter,Typescript To Lua Converter,language_converter,Code,B,3,3,1,4,Noindex until unique examples exist,Programmatic long-tail converter with near-duplicate template and weak demand.
https://codeconvert.net/typescript-to-dart-converter,typescript-to-dart-converter,Typescript To Dart Converter,language_converter,Code,B,3,3,1,4,Noindex until unique examples exist,Programmatic long-tail converter with near-duplicate template and weak demand.
https://codeconvert.net/typescript-to-scala-converter,typescript-to-scala-converter,Typescript To Scala Converter,language_converter,Code,B,3,3,1,4,Noindex until unique examples exist,Programmatic long-tail converter with near-duplicate template and weak demand.
https://codeconvert.net/typescript-to-perl-converter,typescript-to-perl-converter,Typescript To Perl Converter,language_converter,Code,B,3,3,1,4,Noindex until unique examples exist,Programmatic long-tail converter with near-duplicate template and weak demand.
https://codeconvert.net/typescript-to-matlab-converter,typescript-to-matlab-converter,Typescript To Matlab Converter,language_converter,Code,B,3,3,1,4,Noindex until unique examples exist,Programmatic long-tail converter with near-duplicate template and weak demand.
https://codeconvert.net/typescript-to-julia-converter,typescript-to-julia-converter,Typescript To Julia Converter,language_converter,Code,B,3,3,1,4,Noindex until unique examples exist,Programmatic long-tail converter with near-duplicate template and weak demand.
https://codeconvert.net/typescript-to-haskell-converter,typescript-to-haskell-converter,Typescript To Haskell Converter,language_converter,Code,B,3,3,1,4,Noindex until unique examples exist,Programmatic long-tail converter with near-duplicate template and weak demand.
https://codeconvert.net/typescript-to-elixir-converter,typescript-to-elixir-converter,Typescript To Elixir Converter,language_converter,Code,B,3,3,1,4,Noindex until unique examples exist,Programmatic long-tail converter with near-duplicate template and weak demand.
https://codeconvert.net/typescript-to-clojure-converter,typescript-to-clojure-converter,Typescript To Clojure Converter,language_converter,Code,B,3,3,1,4,Noindex until unique examples exist,Programmatic long-tail converter with near-duplicate template and weak demand.
https://codeconvert.net/typescript-to-cobol-converter,typescript-to-cobol-converter,Typescript To Cobol Converter,language_converter,Code,B,3,3,1,4,Noindex until unique examples exist,Programmatic long-tail converter with near-duplicate template and weak demand.
https://codeconvert.net/typescript-to-fortran-converter,typescript-to-fortran-converter,Typescript To Fortran Converter,language_converter,Code,B,3,3,1,4,Noindex until unique examples exist,Programmatic long-tail converter with near-duplicate template and weak demand.
https://codeconvert.net/typescript-to-pascal-converter,typescript-to-pascal-converter,Typescript To Pascal Converter,language_converter,Code,B,3,3,1,4,Noindex until unique examples exist,Programmatic long-tail converter with near-duplicate template and weak demand.
https://codeconvert.net/typescript-to-vbnet-converter,typescript-to-vbnet-converter,Typescript To Vbnet Converter,language_converter,Code,B,3,3,1,4,Noindex until unique examples exist,Programmatic long-tail converter with near-duplicate template and weak demand.
https://codeconvert.net/typescript-to-powershell-converter,typescript-to-powershell-converter,Typescript To Powershell Converter,language_converter,Code,A,6,7,4,4,Index after manual upgrade,Real conversion demand but needs language-pair examples and comparison.
https://codeconvert.net/typescript-to-objective-c-converter,typescript-to-objective-c-converter,Typescript To Objective C Converter,language_converter,Code,B,3,3,1,4,Noindex until unique examples exist,Programmatic long-tail converter with near-duplicate template and weak demand.
https://codeconvert.net/typescript-to-assembly-converter,typescript-to-assembly-converter,Typescript To Assembly Converter,language_converter,Code,B,3,3,1,4,Noindex until unique examples exist,Programmatic long-tail converter with near-duplicate template and weak demand.
https://codeconvert.net/java-to-javascript-converter,java-to-javascript-converter,Java To Javascript Converter,language_converter,Code,A,6,7,4,4,Index after manual upgrade,Real conversion demand but needs language-pair examples and comparison.
https://codeconvert.net/java-to-python-converter,java-to-python-converter,Java To Python Converter,language_converter,Code,A,6,7,4,4,Index after manual upgrade,Real conversion demand but needs language-pair examples and comparison.
https://codeconvert.net/java-to-typescript-converter,java-to-typescript-converter,Java To Typescript Converter,language_converter,Code,A,6,7,4,4,Index after manual upgrade,Real conversion demand but needs language-pair examples and comparison.
https://codeconvert.net/java-to-cpp-converter,java-to-cpp-converter,Java To Cpp Converter,language_converter,Code,A,6,7,4,4,Index after manual upgrade,Real conversion demand but needs language-pair examples and comparison.
https://codeconvert.net/java-to-csharp-converter,java-to-csharp-converter,Java To Csharp Converter,language_converter,Code,A,6,7,4,4,Index after manual upgrade,Real conversion demand but needs language-pair examples and comparison.
https://codeconvert.net/java-to-go-converter,java-to-go-converter,Java To Go Converter,language_converter,Code,A,6,7,4,4,Index after manual upgrade,Real conversion demand but needs language-pair examples and comparison.
https://codeconvert.net/java-to-rust-converter,java-to-rust-converter,Java To Rust Converter,language_converter,Code,A,6,7,4,4,Index after manual upgrade,Real conversion demand but needs language-pair examples and comparison.
https://codeconvert.net/java-to-ruby-converter,java-to-ruby-converter,Java To Ruby Converter,language_converter,Code,B,3,3,1,4,Noindex until unique examples exist,Programmatic long-tail converter with near-duplicate template and weak demand.
https://codeconvert.net/java-to-php-converter,java-to-php-converter,Java To Php Converter,language_converter,Code,A,6,7,4,4,Index after manual upgrade,Real conversion demand but needs language-pair examples and comparison.
https://codeconvert.net/java-to-swift-converter,java-to-swift-converter,Java To Swift Converter,language_converter,Code,B,3,3,1,4,Noindex until unique examples exist,Programmatic long-tail converter with near-duplicate template and weak demand.
https://codeconvert.net/java-to-kotlin-converter,java-to-kotlin-converter,Java To Kotlin Converter,language_converter,Code,B,3,3,1,4,Noindex until unique examples exist,Programmatic long-tail converter with near-duplicate template and weak demand.
https://codeconvert.net/java-to-sql-converter,java-to-sql-converter,Java To Sql Converter,language_converter,Code,A,6,7,4,4,Index after manual upgrade,Real conversion demand but needs language-pair examples and comparison.
https://codeconvert.net/java-to-bash-converter,java-to-bash-converter,Java To Bash Converter,language_converter,Code,A,6,7,4,4,Index after manual upgrade,Real conversion demand but needs language-pair examples and comparison.
https://codeconvert.net/java-to-r-converter,java-to-r-converter,Java To R Converter,language_converter,Code,B,3,3,1,4,Noindex until unique examples exist,Programmatic long-tail converter with near-duplicate template and weak demand.
https://codeconvert.net/java-to-lua-converter,java-to-lua-converter,Java To Lua Converter,language_converter,Code,B,3,3,1,4,Noindex until unique examples exist,Programmatic long-tail converter with near-duplicate template and weak demand.
https://codeconvert.net/java-to-dart-converter,java-to-dart-converter,Java To Dart Converter,language_converter,Code,B,3,3,1,4,Noindex until unique examples exist,Programmatic long-tail converter with near-duplicate template and weak demand.
https://codeconvert.net/java-to-scala-converter,java-to-scala-converter,Java To Scala Converter,language_converter,Code,B,3,3,1,4,Noindex until unique examples exist,Programmatic long-tail converter with near-duplicate template and weak demand.
https://codeconvert.net/java-to-perl-converter,java-to-perl-converter,Java To Perl Converter,language_converter,Code,B,3,3,1,4,Noindex until unique examples exist,Programmatic long-tail converter with near-duplicate template and weak demand.
https://codeconvert.net/java-to-matlab-converter,java-to-matlab-converter,Java To Matlab Converter,language_converter,Code,B,3,3,1,4,Noindex until unique examples exist,Programmatic long-tail converter with near-duplicate template and weak demand.
https://codeconvert.net/java-to-julia-converter,java-to-julia-converter,Java To Julia Converter,language_converter,Code,B,3,3,1,4,Noindex until unique examples exist,Programmatic long-tail converter with near-duplicate template and weak demand.
https://codeconvert.net/java-to-haskell-converter,java-to-haskell-converter,Java To Haskell Converter,language_converter,Code,B,3,3,1,4,Noindex until unique examples exist,Programmatic long-tail converter with near-duplicate template and weak demand.
https://codeconvert.net/java-to-elixir-converter,java-to-elixir-converter,Java To Elixir Converter,language_converter,Code,B,3,3,1,4,Noindex until unique examples exist,Programmatic long-tail converter with near-duplicate template and weak demand.
https://codeconvert.net/java-to-clojure-converter,java-to-clojure-converter,Java To Clojure Converter,language_converter,Code,B,3,3,1,4,Noindex until unique examples exist,Programmatic long-tail converter with near-duplicate template and weak demand.
https://codeconvert.net/java-to-cobol-converter,java-to-cobol-converter,Java To Cobol Converter,language_converter,Code,B,3,3,1,4,Noindex until unique examples exist,Programmatic long-tail converter with near-duplicate template and weak demand.
https://codeconvert.net/java-to-fortran-converter,java-to-fortran-converter,Java To Fortran Converter,language_converter,Code,B,3,3,1,4,Noindex until unique examples exist,Programmatic long-tail converter with near-duplicate template and weak demand.
https://codeconvert.net/java-to-pascal-converter,java-to-pascal-converter,Java To Pascal Converter,language_converter,Code,B,3,3,1,4,Noindex until unique examples exist,Programmatic long-tail converter with near-duplicate template and weak demand.
https://codeconvert.net/java-to-vbnet-converter,java-to-vbnet-converter,Java To Vbnet Converter,language_converter,Code,B,3,3,1,4,Noindex until unique examples exist,Programmatic long-tail converter with near-duplicate template and weak demand.
https://codeconvert.net/java-to-powershell-converter,java-to-powershell-converter,Java To Powershell Converter,language_converter,Code,A,6,7,4,4,Index after manual upgrade,Real conversion demand but needs language-pair examples and comparison.
https://codeconvert.net/java-to-objective-c-converter,java-to-objective-c-converter,Java To Objective C Converter,language_converter,Code,B,3,3,1,4,Noindex until unique examples exist,Programmatic long-tail converter with near-duplicate template and weak demand.
https://codeconvert.net/java-to-assembly-converter,java-to-assembly-converter,Java To Assembly Converter,language_converter,Code,B,3,3,1,4,Noindex until unique examples exist,Programmatic long-tail converter with near-duplicate template and weak demand.
https://codeconvert.net/cpp-to-javascript-converter,cpp-to-javascript-converter,Cpp To Javascript Converter,language_converter,Code,A,6,7,4,4,Index after manual upgrade,Real conversion demand but needs language-pair examples and comparison.
https://codeconvert.net/cpp-to-python-converter,cpp-to-python-converter,Cpp To Python Converter,language_converter,Code,A,6,7,4,4,Index after manual upgrade,Real conversion demand but needs language-pair examples and comparison.
https://codeconvert.net/cpp-to-typescript-converter,cpp-to-typescript-converter,Cpp To Typescript Converter,language_converter,Code,A,6,7,4,4,Index after manual upgrade,Real conversion demand but needs language-pair examples and comparison.
https://codeconvert.net/cpp-to-java-converter,cpp-to-java-converter,Cpp To Java Converter,language_converter,Code,A,6,7,4,4,Index after manual upgrade,Real conversion demand but needs language-pair examples and comparison.
https://codeconvert.net/cpp-to-csharp-converter,cpp-to-csharp-converter,Cpp To Csharp Converter,language_converter,Code,A,6,7,4,4,Index after manual upgrade,Real conversion demand but needs language-pair examples and comparison.
https://codeconvert.net/cpp-to-go-converter,cpp-to-go-converter,Cpp To Go Converter,language_converter,Code,A,6,7,4,4,Index after manual upgrade,Real conversion demand but needs language-pair examples and comparison.
https://codeconvert.net/cpp-to-rust-converter,cpp-to-rust-converter,Cpp To Rust Converter,language_converter,Code,A,6,7,4,4,Index after manual upgrade,Real conversion demand but needs language-pair examples and comparison.
https://codeconvert.net/cpp-to-ruby-converter,cpp-to-ruby-converter,Cpp To Ruby Converter,language_converter,Code,B,3,3,1,4,Noindex until unique examples exist,Programmatic long-tail converter with near-duplicate template and weak demand.
https://codeconvert.net/cpp-to-php-converter,cpp-to-php-converter,Cpp To Php Converter,language_converter,Code,A,6,7,4,4,Index after manual upgrade,Real conversion demand but needs language-pair examples and comparison.
https://codeconvert.net/cpp-to-swift-converter,cpp-to-swift-converter,Cpp To Swift Converter,language_converter,Code,B,3,3,1,4,Noindex until unique examples exist,Programmatic long-tail converter with near-duplicate template and weak demand.
https://codeconvert.net/cpp-to-kotlin-converter,cpp-to-kotlin-converter,Cpp To Kotlin Converter,language_converter,Code,B,3,3,1,4,Noindex until unique examples exist,Programmatic long-tail converter with near-duplicate template and weak demand.
https://codeconvert.net/cpp-to-sql-converter,cpp-to-sql-converter,Cpp To Sql Converter,language_converter,Code,A,6,7,4,4,Index after manual upgrade,Real conversion demand but needs language-pair examples and comparison.
https://codeconvert.net/cpp-to-bash-converter,cpp-to-bash-converter,Cpp To Bash Converter,language_converter,Code,A,6,7,4,4,Index after manual upgrade,Real conversion demand but needs language-pair examples and comparison.
https://codeconvert.net/cpp-to-r-converter,cpp-to-r-converter,Cpp To R Converter,language_converter,Code,B,3,3,1,4,Noindex until unique examples exist,Programmatic long-tail converter with near-duplicate template and weak demand.
https://codeconvert.net/cpp-to-lua-converter,cpp-to-lua-converter,Cpp To Lua Converter,language_converter,Code,B,3,3,1,4,Noindex until unique examples exist,Programmatic long-tail converter with near-duplicate template and weak demand.
https://codeconvert.net/cpp-to-dart-converter,cpp-to-dart-converter,Cpp To Dart Converter,language_converter,Code,B,3,3,1,4,Noindex until unique examples exist,Programmatic long-tail converter with near-duplicate template and weak demand.
https://codeconvert.net/cpp-to-scala-converter,cpp-to-scala-converter,Cpp To Scala Converter,language_converter,Code,B,3,3,1,4,Noindex until unique examples exist,Programmatic long-tail converter with near-duplicate template and weak demand.
https://codeconvert.net/cpp-to-perl-converter,cpp-to-perl-converter,Cpp To Perl Converter,language_converter,Code,B,3,3,1,4,Noindex until unique examples exist,Programmatic long-tail converter with near-duplicate template and weak demand.
https://codeconvert.net/cpp-to-matlab-converter,cpp-to-matlab-converter,Cpp To Matlab Converter,language_converter,Code,B,3,3,1,4,Noindex until unique examples exist,Programmatic long-tail converter with near-duplicate template and weak demand.
https://codeconvert.net/cpp-to-julia-converter,cpp-to-julia-converter,Cpp To Julia Converter,language_converter,Code,B,3,3,1,4,Noindex until unique examples exist,Programmatic long-tail converter with near-duplicate template and weak demand.
https://codeconvert.net/cpp-to-haskell-converter,cpp-to-haskell-converter,Cpp To Haskell Converter,language_converter,Code,B,3,3,1,4,Noindex until unique examples exist,Programmatic long-tail converter with near-duplicate template and weak demand.
https://codeconvert.net/cpp-to-elixir-converter,cpp-to-elixir-converter,Cpp To Elixir Converter,language_converter,Code,B,3,3,1,4,Noindex until unique examples exist,Programmatic long-tail converter with near-duplicate template and weak demand.
https://codeconvert.net/cpp-to-clojure-converter,cpp-to-clojure-converter,Cpp To Clojure Converter,language_converter,Code,B,3,3,1,4,Noindex until unique examples exist,Programmatic long-tail converter with near-duplicate template and weak demand.
https://codeconvert.net/cpp-to-cobol-converter,cpp-to-cobol-converter,Cpp To Cobol Converter,language_converter,Code,B,3,3,1,4,Noindex until unique examples exist,Programmatic long-tail converter with near-duplicate template and weak demand.
https://codeconvert.net/cpp-to-fortran-converter,cpp-to-fortran-converter,Cpp To Fortran Converter,language_converter,Code,B,3,3,1,4,Noindex until unique examples exist,Programmatic long-tail converter with near-duplicate template and weak demand.
https://codeconvert.net/cpp-to-pascal-converter,cpp-to-pascal-converter,Cpp To Pascal Converter,language_converter,Code,B,3,3,1,4,Noindex until unique examples exist,Programmatic long-tail converter with near-duplicate template and weak demand.
https://codeconvert.net/cpp-to-vbnet-converter,cpp-to-vbnet-converter,Cpp To Vbnet Converter,language_converter,Code,B,3,3,1,4,Noindex until unique examples exist,Programmatic long-tail converter with near-duplicate template and weak demand.
https://codeconvert.net/cpp-to-powershell-converter,cpp-to-powershell-converter,Cpp To Powershell Converter,language_converter,Code,A,6,7,4,4,Index after manual upgrade,Real conversion demand but needs language-pair examples and comparison.
https://codeconvert.net/cpp-to-objective-c-converter,cpp-to-objective-c-converter,Cpp To Objective C Converter,language_converter,Code,B,3,3,1,4,Noindex until unique examples exist,Programmatic long-tail converter with near-duplicate template and weak demand.
https://codeconvert.net/cpp-to-assembly-converter,cpp-to-assembly-converter,Cpp To Assembly Converter,language_converter,Code,B,3,3,1,4,Noindex until unique examples exist,Programmatic long-tail converter with near-duplicate template and weak demand.
https://codeconvert.net/csharp-to-javascript-converter,csharp-to-javascript-converter,Csharp To Javascript Converter,language_converter,Code,A,6,7,4,4,Index after manual upgrade,Real conversion demand but needs language-pair examples and comparison.
https://codeconvert.net/csharp-to-python-converter,csharp-to-python-converter,Csharp To Python Converter,language_converter,Code,A,6,7,4,4,Index after manual upgrade,Real conversion demand but needs language-pair examples and comparison.
https://codeconvert.net/csharp-to-typescript-converter,csharp-to-typescript-converter,Csharp To Typescript Converter,language_converter,Code,A,6,7,4,4,Index after manual upgrade,Real conversion demand but needs language-pair examples and comparison.
https://codeconvert.net/csharp-to-java-converter,csharp-to-java-converter,Csharp To Java Converter,language_converter,Code,A,6,7,4,4,Index after manual upgrade,Real conversion demand but needs language-pair examples and comparison.
https://codeconvert.net/csharp-to-cpp-converter,csharp-to-cpp-converter,Csharp To Cpp Converter,language_converter,Code,A,6,7,4,4,Index after manual upgrade,Real conversion demand but needs language-pair examples and comparison.
https://codeconvert.net/csharp-to-go-converter,csharp-to-go-converter,Csharp To Go Converter,language_converter,Code,A,6,7,4,4,Index after manual upgrade,Real conversion demand but needs language-pair examples and comparison.
https://codeconvert.net/csharp-to-rust-converter,csharp-to-rust-converter,Csharp To Rust Converter,language_converter,Code,A,6,7,4,4,Index after manual upgrade,Real conversion demand but needs language-pair examples and comparison.
https://codeconvert.net/csharp-to-ruby-converter,csharp-to-ruby-converter,Csharp To Ruby Converter,language_converter,Code,B,3,3,1,4,Noindex until unique examples exist,Programmatic long-tail converter with near-duplicate template and weak demand.
https://codeconvert.net/csharp-to-php-converter,csharp-to-php-converter,Csharp To Php Converter,language_converter,Code,A,6,7,4,4,Index after manual upgrade,Real conversion demand but needs language-pair examples and comparison.
https://codeconvert.net/csharp-to-swift-converter,csharp-to-swift-converter,Csharp To Swift Converter,language_converter,Code,B,3,3,1,4,Noindex until unique examples exist,Programmatic long-tail converter with near-duplicate template and weak demand.
https://codeconvert.net/csharp-to-kotlin-converter,csharp-to-kotlin-converter,Csharp To Kotlin Converter,language_converter,Code,B,3,3,1,4,Noindex until unique examples exist,Programmatic long-tail converter with near-duplicate template and weak demand.
https://codeconvert.net/csharp-to-sql-converter,csharp-to-sql-converter,Csharp To Sql Converter,language_converter,Code,A,6,7,4,4,Index after manual upgrade,Real conversion demand but needs language-pair examples and comparison.
https://codeconvert.net/csharp-to-bash-converter,csharp-to-bash-converter,Csharp To Bash Converter,language_converter,Code,A,6,7,4,4,Index after manual upgrade,Real conversion demand but needs language-pair examples and comparison.
https://codeconvert.net/csharp-to-r-converter,csharp-to-r-converter,Csharp To R Converter,language_converter,Code,B,3,3,1,4,Noindex until unique examples exist,Programmatic long-tail converter with near-duplicate template and weak demand.
https://codeconvert.net/csharp-to-lua-converter,csharp-to-lua-converter,Csharp To Lua Converter,language_converter,Code,B,3,3,1,4,Noindex until unique examples exist,Programmatic long-tail converter with near-duplicate template and weak demand.
https://codeconvert.net/csharp-to-dart-converter,csharp-to-dart-converter,Csharp To Dart Converter,language_converter,Code,B,3,3,1,4,Noindex until unique examples exist,Programmatic long-tail converter with near-duplicate template and weak demand.
https://codeconvert.net/csharp-to-scala-converter,csharp-to-scala-converter,Csharp To Scala Converter,language_converter,Code,B,3,3,1,4,Noindex until unique examples exist,Programmatic long-tail converter with near-duplicate template and weak demand.
https://codeconvert.net/csharp-to-perl-converter,csharp-to-perl-converter,Csharp To Perl Converter,language_converter,Code,B,3,3,1,4,Noindex until unique examples exist,Programmatic long-tail converter with near-duplicate template and weak demand.
https://codeconvert.net/csharp-to-matlab-converter,csharp-to-matlab-converter,Csharp To Matlab Converter,language_converter,Code,B,3,3,1,4,Noindex until unique examples exist,Programmatic long-tail converter with near-duplicate template and weak demand.
https://codeconvert.net/csharp-to-julia-converter,csharp-to-julia-converter,Csharp To Julia Converter,language_converter,Code,B,3,3,1,4,Noindex until unique examples exist,Programmatic long-tail converter with near-duplicate template and weak demand.
https://codeconvert.net/csharp-to-haskell-converter,csharp-to-haskell-converter,Csharp To Haskell Converter,language_converter,Code,B,3,3,1,4,Noindex until unique examples exist,Programmatic long-tail converter with near-duplicate template and weak demand.
https://codeconvert.net/csharp-to-elixir-converter,csharp-to-elixir-converter,Csharp To Elixir Converter,language_converter,Code,B,3,3,1,4,Noindex until unique examples exist,Programmatic long-tail converter with near-duplicate template and weak demand.
https://codeconvert.net/csharp-to-clojure-converter,csharp-to-clojure-converter,Csharp To Clojure Converter,language_converter,Code,B,3,3,1,4,Noindex until unique examples exist,Programmatic long-tail converter with near-duplicate template and weak demand.
https://codeconvert.net/csharp-to-cobol-converter,csharp-to-cobol-converter,Csharp To Cobol Converter,language_converter,Code,B,3,3,1,4,Noindex until unique examples exist,Programmatic long-tail converter with near-duplicate template and weak demand.
https://codeconvert.net/csharp-to-fortran-converter,csharp-to-fortran-converter,Csharp To Fortran Converter,language_converter,Code,B,3,3,1,4,Noindex until unique examples exist,Programmatic long-tail converter with near-duplicate template and weak demand.
https://codeconvert.net/csharp-to-pascal-converter,csharp-to-pascal-converter,Csharp To Pascal Converter,language_converter,Code,B,3,3,1,4,Noindex until unique examples exist,Programmatic long-tail converter with near-duplicate template and weak demand.
https://codeconvert.net/csharp-to-vbnet-converter,csharp-to-vbnet-converter,Csharp To Vbnet Converter,language_converter,Code,B,3,3,1,4,Noindex until unique examples exist,Programmatic long-tail converter with near-duplicate template and weak demand.
https://codeconvert.net/csharp-to-powershell-converter,csharp-to-powershell-converter,Csharp To Powershell Converter,language_converter,Code,A,6,7,4,4,Index after manual upgrade,Real conversion demand but needs language-pair examples and comparison.
https://codeconvert.net/csharp-to-objective-c-converter,csharp-to-objective-c-converter,Csharp To Objective C Converter,language_converter,Code,B,3,3,1,4,Noindex until unique examples exist,Programmatic long-tail converter with near-duplicate template and weak demand.
https://codeconvert.net/csharp-to-assembly-converter,csharp-to-assembly-converter,Csharp To Assembly Converter,language_converter,Code,B,3,3,1,4,Noindex until unique examples exist,Programmatic long-tail converter with near-duplicate template and weak demand.
https://codeconvert.net/go-to-javascript-converter,go-to-javascript-converter,Go To Javascript Converter,language_converter,Code,A,6,7,4,4,Index after manual upgrade,Real conversion demand but needs language-pair examples and comparison.
https://codeconvert.net/go-to-python-converter,go-to-python-converter,Go To Python Converter,language_converter,Code,A,6,7,4,4,Index after manual upgrade,Real conversion demand but needs language-pair examples and comparison.
https://codeconvert.net/go-to-typescript-converter,go-to-typescript-converter,Go To Typescript Converter,language_converter,Code,A,6,7,4,4,Index after manual upgrade,Real conversion demand but needs language-pair examples and comparison.
https://codeconvert.net/go-to-java-converter,go-to-java-converter,Go To Java Converter,language_converter,Code,A,6,7,4,4,Index after manual upgrade,Real conversion demand but needs language-pair examples and comparison.
https://codeconvert.net/go-to-cpp-converter,go-to-cpp-converter,Go To Cpp Converter,language_converter,Code,A,6,7,4,4,Index after manual upgrade,Real conversion demand but needs language-pair examples and comparison.
https://codeconvert.net/go-to-csharp-converter,go-to-csharp-converter,Go To Csharp Converter,language_converter,Code,A,6,7,4,4,Index after manual upgrade,Real conversion demand but needs language-pair examples and comparison.
https://codeconvert.net/go-to-rust-converter,go-to-rust-converter,Go To Rust Converter,language_converter,Code,A,6,7,4,4,Index after manual upgrade,Real conversion demand but needs language-pair examples and comparison.
https://codeconvert.net/go-to-ruby-converter,go-to-ruby-converter,Go To Ruby Converter,language_converter,Code,B,3,3,1,4,Noindex until unique examples exist,Programmatic long-tail converter with near-duplicate template and weak demand.
https://codeconvert.net/go-to-php-converter,go-to-php-converter,Go To Php Converter,language_converter,Code,A,6,7,4,4,Index after manual upgrade,Real conversion demand but needs language-pair examples and comparison.
https://codeconvert.net/go-to-swift-converter,go-to-swift-converter,Go To Swift Converter,language_converter,Code,B,3,3,1,4,Noindex until unique examples exist,Programmatic long-tail converter with near-duplicate template and weak demand.
https://codeconvert.net/go-to-kotlin-converter,go-to-kotlin-converter,Go To Kotlin Converter,language_converter,Code,B,3,3,1,4,Noindex until unique examples exist,Programmatic long-tail converter with near-duplicate template and weak demand.
https://codeconvert.net/go-to-sql-converter,go-to-sql-converter,Go To Sql Converter,language_converter,Code,A,6,7,4,4,Index after manual upgrade,Real conversion demand but needs language-pair examples and comparison.
https://codeconvert.net/go-to-bash-converter,go-to-bash-converter,Go To Bash Converter,language_converter,Code,A,6,7,4,4,Index after manual upgrade,Real conversion demand but needs language-pair examples and comparison.
https://codeconvert.net/go-to-r-converter,go-to-r-converter,Go To R Converter,language_converter,Code,B,3,3,1,4,Noindex until unique examples exist,Programmatic long-tail converter with near-duplicate template and weak demand.
https://codeconvert.net/go-to-lua-converter,go-to-lua-converter,Go To Lua Converter,language_converter,Code,B,3,3,1,4,Noindex until unique examples exist,Programmatic long-tail converter with near-duplicate template and weak demand.
https://codeconvert.net/go-to-dart-converter,go-to-dart-converter,Go To Dart Converter,language_converter,Code,B,3,3,1,4,Noindex until unique examples exist,Programmatic long-tail converter with near-duplicate template and weak demand.
https://codeconvert.net/go-to-scala-converter,go-to-scala-converter,Go To Scala Converter,language_converter,Code,B,3,3,1,4,Noindex until unique examples exist,Programmatic long-tail converter with near-duplicate template and weak demand.
https://codeconvert.net/go-to-perl-converter,go-to-perl-converter,Go To Perl Converter,language_converter,Code,B,3,3,1,4,Noindex until unique examples exist,Programmatic long-tail converter with near-duplicate template and weak demand.
https://codeconvert.net/go-to-matlab-converter,go-to-matlab-converter,Go To Matlab Converter,language_converter,Code,B,3,3,1,4,Noindex until unique examples exist,Programmatic long-tail converter with near-duplicate template and weak demand.
https://codeconvert.net/go-to-julia-converter,go-to-julia-converter,Go To Julia Converter,language_converter,Code,B,3,3,1,4,Noindex until unique examples exist,Programmatic long-tail converter with near-duplicate template and weak demand.
https://codeconvert.net/go-to-haskell-converter,go-to-haskell-converter,Go To Haskell Converter,language_converter,Code,B,3,3,1,4,Noindex until unique examples exist,Programmatic long-tail converter with near-duplicate template and weak demand.
https://codeconvert.net/go-to-elixir-converter,go-to-elixir-converter,Go To Elixir Converter,language_converter,Code,B,3,3,1,4,Noindex until unique examples exist,Programmatic long-tail converter with near-duplicate template and weak demand.
https://codeconvert.net/go-to-clojure-converter,go-to-clojure-converter,Go To Clojure Converter,language_converter,Code,B,3,3,1,4,Noindex until unique examples exist,Programmatic long-tail converter with near-duplicate template and weak demand.
https://codeconvert.net/go-to-cobol-converter,go-to-cobol-converter,Go To Cobol Converter,language_converter,Code,B,3,3,1,4,Noindex until unique examples exist,Programmatic long-tail converter with near-duplicate template and weak demand.
https://codeconvert.net/go-to-fortran-converter,go-to-fortran-converter,Go To Fortran Converter,language_converter,Code,B,3,3,1,4,Noindex until unique examples exist,Programmatic long-tail converter with near-duplicate template and weak demand.
https://codeconvert.net/go-to-pascal-converter,go-to-pascal-converter,Go To Pascal Converter,language_converter,Code,B,3,3,1,4,Noindex until unique examples exist,Programmatic long-tail converter with near-duplicate template and weak demand.
https://codeconvert.net/go-to-vbnet-converter,go-to-vbnet-converter,Go To Vbnet Converter,language_converter,Code,B,3,3,1,4,Noindex until unique examples exist,Programmatic long-tail converter with near-duplicate template and weak demand.
https://codeconvert.net/go-to-powershell-converter,go-to-powershell-converter,Go To Powershell Converter,language_converter,Code,A,6,7,4,4,Index after manual upgrade,Real conversion demand but needs language-pair examples and comparison.
https://codeconvert.net/go-to-objective-c-converter,go-to-objective-c-converter,Go To Objective C Converter,language_converter,Code,B,3,3,1,4,Noindex until unique examples exist,Programmatic long-tail converter with near-duplicate template and weak demand.
https://codeconvert.net/go-to-assembly-converter,go-to-assembly-converter,Go To Assembly Converter,language_converter,Code,B,3,3,1,4,Noindex until unique examples exist,Programmatic long-tail converter with near-duplicate template and weak demand.
https://codeconvert.net/rust-to-javascript-converter,rust-to-javascript-converter,Rust To Javascript Converter,language_converter,Code,A,6,7,4,4,Index after manual upgrade,Real conversion demand but needs language-pair examples and comparison.
https://codeconvert.net/rust-to-python-converter,rust-to-python-converter,Rust To Python Converter,language_converter,Code,A,6,7,4,4,Index after manual upgrade,Real conversion demand but needs language-pair examples and comparison.
https://codeconvert.net/rust-to-typescript-converter,rust-to-typescript-converter,Rust To Typescript Converter,language_converter,Code,A,6,7,4,4,Index after manual upgrade,Real conversion demand but needs language-pair examples and comparison.
https://codeconvert.net/rust-to-java-converter,rust-to-java-converter,Rust To Java Converter,language_converter,Code,A,6,7,4,4,Index after manual upgrade,Real conversion demand but needs language-pair examples and comparison.
https://codeconvert.net/rust-to-cpp-converter,rust-to-cpp-converter,Rust To Cpp Converter,language_converter,Code,A,6,7,4,4,Index after manual upgrade,Real conversion demand but needs language-pair examples and comparison.
https://codeconvert.net/rust-to-csharp-converter,rust-to-csharp-converter,Rust To Csharp Converter,language_converter,Code,A,6,7,4,4,Index after manual upgrade,Real conversion demand but needs language-pair examples and comparison.
https://codeconvert.net/rust-to-go-converter,rust-to-go-converter,Rust To Go Converter,language_converter,Code,A,6,7,4,4,Index after manual upgrade,Real conversion demand but needs language-pair examples and comparison.
https://codeconvert.net/rust-to-ruby-converter,rust-to-ruby-converter,Rust To Ruby Converter,language_converter,Code,B,3,3,1,4,Noindex until unique examples exist,Programmatic long-tail converter with near-duplicate template and weak demand.
https://codeconvert.net/rust-to-php-converter,rust-to-php-converter,Rust To Php Converter,language_converter,Code,A,6,7,4,4,Index after manual upgrade,Real conversion demand but needs language-pair examples and comparison.
https://codeconvert.net/rust-to-swift-converter,rust-to-swift-converter,Rust To Swift Converter,language_converter,Code,B,3,3,1,4,Noindex until unique examples exist,Programmatic long-tail converter with near-duplicate template and weak demand.
https://codeconvert.net/rust-to-kotlin-converter,rust-to-kotlin-converter,Rust To Kotlin Converter,language_converter,Code,B,3,3,1,4,Noindex until unique examples exist,Programmatic long-tail converter with near-duplicate template and weak demand.
https://codeconvert.net/rust-to-sql-converter,rust-to-sql-converter,Rust To Sql Converter,language_converter,Code,A,6,7,4,4,Index after manual upgrade,Real conversion demand but needs language-pair examples and comparison.
https://codeconvert.net/rust-to-bash-converter,rust-to-bash-converter,Rust To Bash Converter,language_converter,Code,A,6,7,4,4,Index after manual upgrade,Real conversion demand but needs language-pair examples and comparison.
https://codeconvert.net/rust-to-r-converter,rust-to-r-converter,Rust To R Converter,language_converter,Code,B,3,3,1,4,Noindex until unique examples exist,Programmatic long-tail converter with near-duplicate template and weak demand.
https://codeconvert.net/rust-to-lua-converter,rust-to-lua-converter,Rust To Lua Converter,language_converter,Code,B,3,3,1,4,Noindex until unique examples exist,Programmatic long-tail converter with near-duplicate template and weak demand.
https://codeconvert.net/rust-to-dart-converter,rust-to-dart-converter,Rust To Dart Converter,language_converter,Code,B,3,3,1,4,Noindex until unique examples exist,Programmatic long-tail converter with near-duplicate template and weak demand.
https://codeconvert.net/rust-to-scala-converter,rust-to-scala-converter,Rust To Scala Converter,language_converter,Code,B,3,3,1,4,Noindex until unique examples exist,Programmatic long-tail converter with near-duplicate template and weak demand.
https://codeconvert.net/rust-to-perl-converter,rust-to-perl-converter,Rust To Perl Converter,language_converter,Code,B,3,3,1,4,Noindex until unique examples exist,Programmatic long-tail converter with near-duplicate template and weak demand.
https://codeconvert.net/rust-to-matlab-converter,rust-to-matlab-converter,Rust To Matlab Converter,language_converter,Code,B,3,3,1,4,Noindex until unique examples exist,Programmatic long-tail converter with near-duplicate template and weak demand.
https://codeconvert.net/rust-to-julia-converter,rust-to-julia-converter,Rust To Julia Converter,language_converter,Code,B,3,3,1,4,Noindex until unique examples exist,Programmatic long-tail converter with near-duplicate template and weak demand.
https://codeconvert.net/rust-to-haskell-converter,rust-to-haskell-converter,Rust To Haskell Converter,language_converter,Code,B,3,3,1,4,Noindex until unique examples exist,Programmatic long-tail converter with near-duplicate template and weak demand.
https://codeconvert.net/rust-to-elixir-converter,rust-to-elixir-converter,Rust To Elixir Converter,language_converter,Code,B,3,3,1,4,Noindex until unique examples exist,Programmatic long-tail converter with near-duplicate template and weak demand.
https://codeconvert.net/rust-to-clojure-converter,rust-to-clojure-converter,Rust To Clojure Converter,language_converter,Code,B,3,3,1,4,Noindex until unique examples exist,Programmatic long-tail converter with near-duplicate template and weak demand.
https://codeconvert.net/rust-to-cobol-converter,rust-to-cobol-converter,Rust To Cobol Converter,language_converter,Code,B,3,3,1,4,Noindex until unique examples exist,Programmatic long-tail converter with near-duplicate template and weak demand.
https://codeconvert.net/rust-to-fortran-converter,rust-to-fortran-converter,Rust To Fortran Converter,language_converter,Code,B,3,3,1,4,Noindex until unique examples exist,Programmatic long-tail converter with near-duplicate template and weak demand.
https://codeconvert.net/rust-to-pascal-converter,rust-to-pascal-converter,Rust To Pascal Converter,language_converter,Code,B,3,3,1,4,Noindex until unique examples exist,Programmatic long-tail converter with near-duplicate template and weak demand.
https://codeconvert.net/rust-to-vbnet-converter,rust-to-vbnet-converter,Rust To Vbnet Converter,language_converter,Code,B,3,3,1,4,Noindex until unique examples exist,Programmatic long-tail converter with near-duplicate template and weak demand.
https://codeconvert.net/rust-to-powershell-converter,rust-to-powershell-converter,Rust To Powershell Converter,language_converter,Code,A,6,7,4,4,Index after manual upgrade,Real conversion demand but needs language-pair examples and comparison.
https://codeconvert.net/rust-to-objective-c-converter,rust-to-objective-c-converter,Rust To Objective C Converter,language_converter,Code,B,3,3,1,4,Noindex until unique examples exist,Programmatic long-tail converter with near-duplicate template and weak demand.
https://codeconvert.net/rust-to-assembly-converter,rust-to-assembly-converter,Rust To Assembly Converter,language_converter,Code,B,3,3,1,4,Noindex until unique examples exist,Programmatic long-tail converter with near-duplicate template and weak demand.
https://codeconvert.net/ruby-to-javascript-converter,ruby-to-javascript-converter,Ruby To Javascript Converter,language_converter,Code,B,3,3,1,4,Noindex until unique examples exist,Programmatic long-tail converter with near-duplicate template and weak demand.
https://codeconvert.net/ruby-to-python-converter,ruby-to-python-converter,Ruby To Python Converter,language_converter,Code,B,3,3,1,4,Noindex until unique examples exist,Programmatic long-tail converter with near-duplicate template and weak demand.
https://codeconvert.net/ruby-to-typescript-converter,ruby-to-typescript-converter,Ruby To Typescript Converter,language_converter,Code,B,3,3,1,4,Noindex until unique examples exist,Programmatic long-tail converter with near-duplicate template and weak demand.
https://codeconvert.net/ruby-to-java-converter,ruby-to-java-converter,Ruby To Java Converter,language_converter,Code,B,3,3,1,4,Noindex until unique examples exist,Programmatic long-tail converter with near-duplicate template and weak demand.
https://codeconvert.net/ruby-to-cpp-converter,ruby-to-cpp-converter,Ruby To Cpp Converter,language_converter,Code,B,3,3,1,4,Noindex until unique examples exist,Programmatic long-tail converter with near-duplicate template and weak demand.
https://codeconvert.net/ruby-to-csharp-converter,ruby-to-csharp-converter,Ruby To Csharp Converter,language_converter,Code,B,3,3,1,4,Noindex until unique examples exist,Programmatic long-tail converter with near-duplicate template and weak demand.
https://codeconvert.net/ruby-to-go-converter,ruby-to-go-converter,Ruby To Go Converter,language_converter,Code,B,3,3,1,4,Noindex until unique examples exist,Programmatic long-tail converter with near-duplicate template and weak demand.
https://codeconvert.net/ruby-to-rust-converter,ruby-to-rust-converter,Ruby To Rust Converter,language_converter,Code,B,3,3,1,4,Noindex until unique examples exist,Programmatic long-tail converter with near-duplicate template and weak demand.
https://codeconvert.net/ruby-to-php-converter,ruby-to-php-converter,Ruby To Php Converter,language_converter,Code,B,3,3,1,4,Noindex until unique examples exist,Programmatic long-tail converter with near-duplicate template and weak demand.
https://codeconvert.net/ruby-to-swift-converter,ruby-to-swift-converter,Ruby To Swift Converter,language_converter,Code,B,3,3,1,4,Noindex until unique examples exist,Programmatic long-tail converter with near-duplicate template and weak demand.
https://codeconvert.net/ruby-to-kotlin-converter,ruby-to-kotlin-converter,Ruby To Kotlin Converter,language_converter,Code,B,3,3,1,4,Noindex until unique examples exist,Programmatic long-tail converter with near-duplicate template and weak demand.
https://codeconvert.net/ruby-to-sql-converter,ruby-to-sql-converter,Ruby To Sql Converter,language_converter,Code,B,3,3,1,4,Noindex until unique examples exist,Programmatic long-tail converter with near-duplicate template and weak demand.
https://codeconvert.net/ruby-to-bash-converter,ruby-to-bash-converter,Ruby To Bash Converter,language_converter,Code,B,3,3,1,4,Noindex until unique examples exist,Programmatic long-tail converter with near-duplicate template and weak demand.
https://codeconvert.net/ruby-to-r-converter,ruby-to-r-converter,Ruby To R Converter,language_converter,Code,B,3,3,1,4,Noindex until unique examples exist,Programmatic long-tail converter with near-duplicate template and weak demand.
https://codeconvert.net/ruby-to-lua-converter,ruby-to-lua-converter,Ruby To Lua Converter,language_converter,Code,B,3,3,1,4,Noindex until unique examples exist,Programmatic long-tail converter with near-duplicate template and weak demand.
https://codeconvert.net/ruby-to-dart-converter,ruby-to-dart-converter,Ruby To Dart Converter,language_converter,Code,B,3,3,1,4,Noindex until unique examples exist,Programmatic long-tail converter with near-duplicate template and weak demand.
https://codeconvert.net/ruby-to-scala-converter,ruby-to-scala-converter,Ruby To Scala Converter,language_converter,Code,B,3,3,1,4,Noindex until unique examples exist,Programmatic long-tail converter with near-duplicate template and weak demand.
https://codeconvert.net/ruby-to-perl-converter,ruby-to-perl-converter,Ruby To Perl Converter,language_converter,Code,B,3,3,1,4,Noindex until unique examples exist,Programmatic long-tail converter with near-duplicate template and weak demand.
https://codeconvert.net/ruby-to-matlab-converter,ruby-to-matlab-converter,Ruby To Matlab Converter,language_converter,Code,B,3,3,1,4,Noindex until unique examples exist,Programmatic long-tail converter with near-duplicate template and weak demand.
https://codeconvert.net/ruby-to-julia-converter,ruby-to-julia-converter,Ruby To Julia Converter,language_converter,Code,B,3,3,1,4,Noindex until unique examples exist,Programmatic long-tail converter with near-duplicate template and weak demand.
https://codeconvert.net/ruby-to-haskell-converter,ruby-to-haskell-converter,Ruby To Haskell Converter,language_converter,Code,B,3,3,1,4,Noindex until unique examples exist,Programmatic long-tail converter with near-duplicate template and weak demand.
https://codeconvert.net/ruby-to-elixir-converter,ruby-to-elixir-converter,Ruby To Elixir Converter,language_converter,Code,B,3,3,1,4,Noindex until unique examples exist,Programmatic long-tail converter with near-duplicate template and weak demand.
https://codeconvert.net/ruby-to-clojure-converter,ruby-to-clojure-converter,Ruby To Clojure Converter,language_converter,Code,B,3,3,1,4,Noindex until unique examples exist,Programmatic long-tail converter with near-duplicate template and weak demand.
https://codeconvert.net/ruby-to-cobol-converter,ruby-to-cobol-converter,Ruby To Cobol Converter,language_converter,Code,B,3,3,1,4,Noindex until unique examples exist,Programmatic long-tail converter with near-duplicate template and weak demand.
https://codeconvert.net/ruby-to-fortran-converter,ruby-to-fortran-converter,Ruby To Fortran Converter,language_converter,Code,B,3,3,1,4,Noindex until unique examples exist,Programmatic long-tail converter with near-duplicate template and weak demand.
https://codeconvert.net/ruby-to-pascal-converter,ruby-to-pascal-converter,Ruby To Pascal Converter,language_converter,Code,B,3,3,1,4,Noindex until unique examples exist,Programmatic long-tail converter with near-duplicate template and weak demand.
https://codeconvert.net/ruby-to-vbnet-converter,ruby-to-vbnet-converter,Ruby To Vbnet Converter,language_converter,Code,B,3,3,1,4,Noindex until unique examples exist,Programmatic long-tail converter with near-duplicate template and weak demand.
https://codeconvert.net/ruby-to-powershell-converter,ruby-to-powershell-converter,Ruby To Powershell Converter,language_converter,Code,B,3,3,1,4,Noindex until unique examples exist,Programmatic long-tail converter with near-duplicate template and weak demand.
https://codeconvert.net/ruby-to-objective-c-converter,ruby-to-objective-c-converter,Ruby To Objective C Converter,language_converter,Code,B,3,3,1,4,Noindex until unique examples exist,Programmatic long-tail converter with near-duplicate template and weak demand.
https://codeconvert.net/ruby-to-assembly-converter,ruby-to-assembly-converter,Ruby To Assembly Converter,language_converter,Code,B,3,3,1,4,Noindex until unique examples exist,Programmatic long-tail converter with near-duplicate template and weak demand.
https://codeconvert.net/php-to-javascript-converter,php-to-javascript-converter,Php To Javascript Converter,language_converter,Code,A,6,7,4,4,Index after manual upgrade,Real conversion demand but needs language-pair examples and comparison.
https://codeconvert.net/php-to-python-converter,php-to-python-converter,Php To Python Converter,language_converter,Code,A,6,7,4,4,Index after manual upgrade,Real conversion demand but needs language-pair examples and comparison.
https://codeconvert.net/php-to-typescript-converter,php-to-typescript-converter,Php To Typescript Converter,language_converter,Code,A,6,7,4,4,Index after manual upgrade,Real conversion demand but needs language-pair examples and comparison.
https://codeconvert.net/php-to-java-converter,php-to-java-converter,Php To Java Converter,language_converter,Code,A,6,7,4,4,Index after manual upgrade,Real conversion demand but needs language-pair examples and comparison.
https://codeconvert.net/php-to-cpp-converter,php-to-cpp-converter,Php To Cpp Converter,language_converter,Code,A,6,7,4,4,Index after manual upgrade,Real conversion demand but needs language-pair examples and comparison.
https://codeconvert.net/php-to-csharp-converter,php-to-csharp-converter,Php To Csharp Converter,language_converter,Code,A,6,7,4,4,Index after manual upgrade,Real conversion demand but needs language-pair examples and comparison.
https://codeconvert.net/php-to-go-converter,php-to-go-converter,Php To Go Converter,language_converter,Code,A,6,7,4,4,Index after manual upgrade,Real conversion demand but needs language-pair examples and comparison.
https://codeconvert.net/php-to-rust-converter,php-to-rust-converter,Php To Rust Converter,language_converter,Code,A,6,7,4,4,Index after manual upgrade,Real conversion demand but needs language-pair examples and comparison.
https://codeconvert.net/php-to-ruby-converter,php-to-ruby-converter,Php To Ruby Converter,language_converter,Code,B,3,3,1,4,Noindex until unique examples exist,Programmatic long-tail converter with near-duplicate template and weak demand.
https://codeconvert.net/php-to-swift-converter,php-to-swift-converter,Php To Swift Converter,language_converter,Code,B,3,3,1,4,Noindex until unique examples exist,Programmatic long-tail converter with near-duplicate template and weak demand.
https://codeconvert.net/php-to-kotlin-converter,php-to-kotlin-converter,Php To Kotlin Converter,language_converter,Code,B,3,3,1,4,Noindex until unique examples exist,Programmatic long-tail converter with near-duplicate template and weak demand.
https://codeconvert.net/php-to-sql-converter,php-to-sql-converter,Php To Sql Converter,language_converter,Code,A,6,7,4,4,Index after manual upgrade,Real conversion demand but needs language-pair examples and comparison.
https://codeconvert.net/php-to-bash-converter,php-to-bash-converter,Php To Bash Converter,language_converter,Code,A,6,7,4,4,Index after manual upgrade,Real conversion demand but needs language-pair examples and comparison.
https://codeconvert.net/php-to-r-converter,php-to-r-converter,Php To R Converter,language_converter,Code,B,3,3,1,4,Noindex until unique examples exist,Programmatic long-tail converter with near-duplicate template and weak demand.
https://codeconvert.net/php-to-lua-converter,php-to-lua-converter,Php To Lua Converter,language_converter,Code,B,3,3,1,4,Noindex until unique examples exist,Programmatic long-tail converter with near-duplicate template and weak demand.
https://codeconvert.net/php-to-dart-converter,php-to-dart-converter,Php To Dart Converter,language_converter,Code,B,3,3,1,4,Noindex until unique examples exist,Programmatic long-tail converter with near-duplicate template and weak demand.
https://codeconvert.net/php-to-scala-converter,php-to-scala-converter,Php To Scala Converter,language_converter,Code,B,3,3,1,4,Noindex until unique examples exist,Programmatic long-tail converter with near-duplicate template and weak demand.
https://codeconvert.net/php-to-perl-converter,php-to-perl-converter,Php To Perl Converter,language_converter,Code,B,3,3,1,4,Noindex until unique examples exist,Programmatic long-tail converter with near-duplicate template and weak demand.
https://codeconvert.net/php-to-matlab-converter,php-to-matlab-converter,Php To Matlab Converter,language_converter,Code,B,3,3,1,4,Noindex until unique examples exist,Programmatic long-tail converter with near-duplicate template and weak demand.
https://codeconvert.net/php-to-julia-converter,php-to-julia-converter,Php To Julia Converter,language_converter,Code,B,3,3,1,4,Noindex until unique examples exist,Programmatic long-tail converter with near-duplicate template and weak demand.
https://codeconvert.net/php-to-haskell-converter,php-to-haskell-converter,Php To Haskell Converter,language_converter,Code,B,3,3,1,4,Noindex until unique examples exist,Programmatic long-tail converter with near-duplicate template and weak demand.
https://codeconvert.net/php-to-elixir-converter,php-to-elixir-converter,Php To Elixir Converter,language_converter,Code,B,3,3,1,4,Noindex until unique examples exist,Programmatic long-tail converter with near-duplicate template and weak demand.
https://codeconvert.net/php-to-clojure-converter,php-to-clojure-converter,Php To Clojure Converter,language_converter,Code,B,3,3,1,4,Noindex until unique examples exist,Programmatic long-tail converter with near-duplicate template and weak demand.
https://codeconvert.net/php-to-cobol-converter,php-to-cobol-converter,Php To Cobol Converter,language_converter,Code,B,3,3,1,4,Noindex until unique examples exist,Programmatic long-tail converter with near-duplicate template and weak demand.
https://codeconvert.net/php-to-fortran-converter,php-to-fortran-converter,Php To Fortran Converter,language_converter,Code,B,3,3,1,4,Noindex until unique examples exist,Programmatic long-tail converter with near-duplicate template and weak demand.
https://codeconvert.net/php-to-pascal-converter,php-to-pascal-converter,Php To Pascal Converter,language_converter,Code,B,3,3,1,4,Noindex until unique examples exist,Programmatic long-tail converter with near-duplicate template and weak demand.
https://codeconvert.net/php-to-vbnet-converter,php-to-vbnet-converter,Php To Vbnet Converter,language_converter,Code,B,3,3,1,4,Noindex until unique examples exist,Programmatic long-tail converter with near-duplicate template and weak demand.
https://codeconvert.net/php-to-powershell-converter,php-to-powershell-converter,Php To Powershell Converter,language_converter,Code,A,6,7,4,4,Index after manual upgrade,Real conversion demand but needs language-pair examples and comparison.
https://codeconvert.net/php-to-objective-c-converter,php-to-objective-c-converter,Php To Objective C Converter,language_converter,Code,B,3,3,1,4,Noindex until unique examples exist,Programmatic long-tail converter with near-duplicate template and weak demand.
https://codeconvert.net/php-to-assembly-converter,php-to-assembly-converter,Php To Assembly Converter,language_converter,Code,B,3,3,1,4,Noindex until unique examples exist,Programmatic long-tail converter with near-duplicate template and weak demand.
https://codeconvert.net/swift-to-javascript-converter,swift-to-javascript-converter,Swift To Javascript Converter,language_converter,Code,B,3,3,1,4,Noindex until unique examples exist,Programmatic long-tail converter with near-duplicate template and weak demand.
https://codeconvert.net/swift-to-python-converter,swift-to-python-converter,Swift To Python Converter,language_converter,Code,B,3,3,1,4,Noindex until unique examples exist,Programmatic long-tail converter with near-duplicate template and weak demand.
https://codeconvert.net/swift-to-typescript-converter,swift-to-typescript-converter,Swift To Typescript Converter,language_converter,Code,B,3,3,1,4,Noindex until unique examples exist,Programmatic long-tail converter with near-duplicate template and weak demand.
https://codeconvert.net/swift-to-java-converter,swift-to-java-converter,Swift To Java Converter,language_converter,Code,B,3,3,1,4,Noindex until unique examples exist,Programmatic long-tail converter with near-duplicate template and weak demand.
https://codeconvert.net/swift-to-cpp-converter,swift-to-cpp-converter,Swift To Cpp Converter,language_converter,Code,B,3,3,1,4,Noindex until unique examples exist,Programmatic long-tail converter with near-duplicate template and weak demand.
https://codeconvert.net/swift-to-csharp-converter,swift-to-csharp-converter,Swift To Csharp Converter,language_converter,Code,B,3,3,1,4,Noindex until unique examples exist,Programmatic long-tail converter with near-duplicate template and weak demand.
https://codeconvert.net/swift-to-go-converter,swift-to-go-converter,Swift To Go Converter,language_converter,Code,B,3,3,1,4,Noindex until unique examples exist,Programmatic long-tail converter with near-duplicate template and weak demand.
https://codeconvert.net/swift-to-rust-converter,swift-to-rust-converter,Swift To Rust Converter,language_converter,Code,B,3,3,1,4,Noindex until unique examples exist,Programmatic long-tail converter with near-duplicate template and weak demand.
https://codeconvert.net/swift-to-ruby-converter,swift-to-ruby-converter,Swift To Ruby Converter,language_converter,Code,B,3,3,1,4,Noindex until unique examples exist,Programmatic long-tail converter with near-duplicate template and weak demand.
https://codeconvert.net/swift-to-php-converter,swift-to-php-converter,Swift To Php Converter,language_converter,Code,B,3,3,1,4,Noindex until unique examples exist,Programmatic long-tail converter with near-duplicate template and weak demand.
https://codeconvert.net/swift-to-kotlin-converter,swift-to-kotlin-converter,Swift To Kotlin Converter,language_converter,Code,B,3,3,1,4,Noindex until unique examples exist,Programmatic long-tail converter with near-duplicate template and weak demand.
https://codeconvert.net/swift-to-sql-converter,swift-to-sql-converter,Swift To Sql Converter,language_converter,Code,B,3,3,1,4,Noindex until unique examples exist,Programmatic long-tail converter with near-duplicate template and weak demand.
https://codeconvert.net/swift-to-bash-converter,swift-to-bash-converter,Swift To Bash Converter,language_converter,Code,B,3,3,1,4,Noindex until unique examples exist,Programmatic long-tail converter with near-duplicate template and weak demand.
https://codeconvert.net/swift-to-r-converter,swift-to-r-converter,Swift To R Converter,language_converter,Code,B,3,3,1,4,Noindex until unique examples exist,Programmatic long-tail converter with near-duplicate template and weak demand.
https://codeconvert.net/swift-to-lua-converter,swift-to-lua-converter,Swift To Lua Converter,language_converter,Code,B,3,3,1,4,Noindex until unique examples exist,Programmatic long-tail converter with near-duplicate template and weak demand.
https://codeconvert.net/swift-to-dart-converter,swift-to-dart-converter,Swift To Dart Converter,language_converter,Code,B,3,3,1,4,Noindex until unique examples exist,Programmatic long-tail converter with near-duplicate template and weak demand.
https://codeconvert.net/swift-to-scala-converter,swift-to-scala-converter,Swift To Scala Converter,language_converter,Code,B,3,3,1,4,Noindex until unique examples exist,Programmatic long-tail converter with near-duplicate template and weak demand.
https://codeconvert.net/swift-to-perl-converter,swift-to-perl-converter,Swift To Perl Converter,language_converter,Code,B,3,3,1,4,Noindex until unique examples exist,Programmatic long-tail converter with near-duplicate template and weak demand.
https://codeconvert.net/swift-to-matlab-converter,swift-to-matlab-converter,Swift To Matlab Converter,language_converter,Code,B,3,3,1,4,Noindex until unique examples exist,Programmatic long-tail converter with near-duplicate template and weak demand.
https://codeconvert.net/swift-to-julia-converter,swift-to-julia-converter,Swift To Julia Converter,language_converter,Code,B,3,3,1,4,Noindex until unique examples exist,Programmatic long-tail converter with near-duplicate template and weak demand.
https://codeconvert.net/swift-to-haskell-converter,swift-to-haskell-converter,Swift To Haskell Converter,language_converter,Code,B,3,3,1,4,Noindex until unique examples exist,Programmatic long-tail converter with near-duplicate template and weak demand.
https://codeconvert.net/swift-to-elixir-converter,swift-to-elixir-converter,Swift To Elixir Converter,language_converter,Code,B,3,3,1,4,Noindex until unique examples exist,Programmatic long-tail converter with near-duplicate template and weak demand.
https://codeconvert.net/swift-to-clojure-converter,swift-to-clojure-converter,Swift To Clojure Converter,language_converter,Code,B,3,3,1,4,Noindex until unique examples exist,Programmatic long-tail converter with near-duplicate template and weak demand.
https://codeconvert.net/swift-to-cobol-converter,swift-to-cobol-converter,Swift To Cobol Converter,language_converter,Code,B,3,3,1,4,Noindex until unique examples exist,Programmatic long-tail converter with near-duplicate template and weak demand.
https://codeconvert.net/swift-to-fortran-converter,swift-to-fortran-converter,Swift To Fortran Converter,language_converter,Code,B,3,3,1,4,Noindex until unique examples exist,Programmatic long-tail converter with near-duplicate template and weak demand.
https://codeconvert.net/swift-to-pascal-converter,swift-to-pascal-converter,Swift To Pascal Converter,language_converter,Code,B,3,3,1,4,Noindex until unique examples exist,Programmatic long-tail converter with near-duplicate template and weak demand.
https://codeconvert.net/swift-to-vbnet-converter,swift-to-vbnet-converter,Swift To Vbnet Converter,language_converter,Code,B,3,3,1,4,Noindex until unique examples exist,Programmatic long-tail converter with near-duplicate template and weak demand.
https://codeconvert.net/swift-to-powershell-converter,swift-to-powershell-converter,Swift To Powershell Converter,language_converter,Code,B,3,3,1,4,Noindex until unique examples exist,Programmatic long-tail converter with near-duplicate template and weak demand.
https://codeconvert.net/swift-to-objective-c-converter,swift-to-objective-c-converter,Swift To Objective C Converter,language_converter,Code,B,3,3,1,4,Noindex until unique examples exist,Programmatic long-tail converter with near-duplicate template and weak demand.
https://codeconvert.net/swift-to-assembly-converter,swift-to-assembly-converter,Swift To Assembly Converter,language_converter,Code,B,3,3,1,4,Noindex until unique examples exist,Programmatic long-tail converter with near-duplicate template and weak demand.
https://codeconvert.net/kotlin-to-javascript-converter,kotlin-to-javascript-converter,Kotlin To Javascript Converter,language_converter,Code,B,3,3,1,4,Noindex until unique examples exist,Programmatic long-tail converter with near-duplicate template and weak demand.
https://codeconvert.net/kotlin-to-python-converter,kotlin-to-python-converter,Kotlin To Python Converter,language_converter,Code,B,3,3,1,4,Noindex until unique examples exist,Programmatic long-tail converter with near-duplicate template and weak demand.
https://codeconvert.net/kotlin-to-typescript-converter,kotlin-to-typescript-converter,Kotlin To Typescript Converter,language_converter,Code,B,3,3,1,4,Noindex until unique examples exist,Programmatic long-tail converter with near-duplicate template and weak demand.
https://codeconvert.net/kotlin-to-java-converter,kotlin-to-java-converter,Kotlin To Java Converter,language_converter,Code,B,3,3,1,4,Noindex until unique examples exist,Programmatic long-tail converter with near-duplicate template and weak demand.
https://codeconvert.net/kotlin-to-cpp-converter,kotlin-to-cpp-converter,Kotlin To Cpp Converter,language_converter,Code,B,3,3,1,4,Noindex until unique examples exist,Programmatic long-tail converter with near-duplicate template and weak demand.
https://codeconvert.net/kotlin-to-csharp-converter,kotlin-to-csharp-converter,Kotlin To Csharp Converter,language_converter,Code,B,3,3,1,4,Noindex until unique examples exist,Programmatic long-tail converter with near-duplicate template and weak demand.
https://codeconvert.net/kotlin-to-go-converter,kotlin-to-go-converter,Kotlin To Go Converter,language_converter,Code,B,3,3,1,4,Noindex until unique examples exist,Programmatic long-tail converter with near-duplicate template and weak demand.
https://codeconvert.net/kotlin-to-rust-converter,kotlin-to-rust-converter,Kotlin To Rust Converter,language_converter,Code,B,3,3,1,4,Noindex until unique examples exist,Programmatic long-tail converter with near-duplicate template and weak demand.
https://codeconvert.net/kotlin-to-ruby-converter,kotlin-to-ruby-converter,Kotlin To Ruby Converter,language_converter,Code,B,3,3,1,4,Noindex until unique examples exist,Programmatic long-tail converter with near-duplicate template and weak demand.
https://codeconvert.net/kotlin-to-php-converter,kotlin-to-php-converter,Kotlin To Php Converter,language_converter,Code,B,3,3,1,4,Noindex until unique examples exist,Programmatic long-tail converter with near-duplicate template and weak demand.
https://codeconvert.net/kotlin-to-swift-converter,kotlin-to-swift-converter,Kotlin To Swift Converter,language_converter,Code,B,3,3,1,4,Noindex until unique examples exist,Programmatic long-tail converter with near-duplicate template and weak demand.
https://codeconvert.net/kotlin-to-sql-converter,kotlin-to-sql-converter,Kotlin To Sql Converter,language_converter,Code,B,3,3,1,4,Noindex until unique examples exist,Programmatic long-tail converter with near-duplicate template and weak demand.
https://codeconvert.net/kotlin-to-bash-converter,kotlin-to-bash-converter,Kotlin To Bash Converter,language_converter,Code,B,3,3,1,4,Noindex until unique examples exist,Programmatic long-tail converter with near-duplicate template and weak demand.
https://codeconvert.net/kotlin-to-r-converter,kotlin-to-r-converter,Kotlin To R Converter,language_converter,Code,B,3,3,1,4,Noindex until unique examples exist,Programmatic long-tail converter with near-duplicate template and weak demand.
https://codeconvert.net/kotlin-to-lua-converter,kotlin-to-lua-converter,Kotlin To Lua Converter,language_converter,Code,B,3,3,1,4,Noindex until unique examples exist,Programmatic long-tail converter with near-duplicate template and weak demand.
https://codeconvert.net/kotlin-to-dart-converter,kotlin-to-dart-converter,Kotlin To Dart Converter,language_converter,Code,B,3,3,1,4,Noindex until unique examples exist,Programmatic long-tail converter with near-duplicate template and weak demand.
https://codeconvert.net/kotlin-to-scala-converter,kotlin-to-scala-converter,Kotlin To Scala Converter,language_converter,Code,B,3,3,1,4,Noindex until unique examples exist,Programmatic long-tail converter with near-duplicate template and weak demand.
https://codeconvert.net/kotlin-to-perl-converter,kotlin-to-perl-converter,Kotlin To Perl Converter,language_converter,Code,B,3,3,1,4,Noindex until unique examples exist,Programmatic long-tail converter with near-duplicate template and weak demand.
https://codeconvert.net/kotlin-to-matlab-converter,kotlin-to-matlab-converter,Kotlin To Matlab Converter,language_converter,Code,B,3,3,1,4,Noindex until unique examples exist,Programmatic long-tail converter with near-duplicate template and weak demand.
https://codeconvert.net/kotlin-to-julia-converter,kotlin-to-julia-converter,Kotlin To Julia Converter,language_converter,Code,B,3,3,1,4,Noindex until unique examples exist,Programmatic long-tail converter with near-duplicate template and weak demand.
https://codeconvert.net/kotlin-to-haskell-converter,kotlin-to-haskell-converter,Kotlin To Haskell Converter,language_converter,Code,B,3,3,1,4,Noindex until unique examples exist,Programmatic long-tail converter with near-duplicate template and weak demand.
https://codeconvert.net/kotlin-to-elixir-converter,kotlin-to-elixir-converter,Kotlin To Elixir Converter,language_converter,Code,B,3,3,1,4,Noindex until unique examples exist,Programmatic long-tail converter with near-duplicate template and weak demand.
https://codeconvert.net/kotlin-to-clojure-converter,kotlin-to-clojure-converter,Kotlin To Clojure Converter,language_converter,Code,B,3,3,1,4,Noindex until unique examples exist,Programmatic long-tail converter with near-duplicate template and weak demand.
https://codeconvert.net/kotlin-to-cobol-converter,kotlin-to-cobol-converter,Kotlin To Cobol Converter,language_converter,Code,B,3,3,1,4,Noindex until unique examples exist,Programmatic long-tail converter with near-duplicate template and weak demand.
https://codeconvert.net/kotlin-to-fortran-converter,kotlin-to-fortran-converter,Kotlin To Fortran Converter,language_converter,Code,B,3,3,1,4,Noindex until unique examples exist,Programmatic long-tail converter with near-duplicate template and weak demand.
https://codeconvert.net/kotlin-to-pascal-converter,kotlin-to-pascal-converter,Kotlin To Pascal Converter,language_converter,Code,B,3,3,1,4,Noindex until unique examples exist,Programmatic long-tail converter with near-duplicate template and weak demand.
https://codeconvert.net/kotlin-to-vbnet-converter,kotlin-to-vbnet-converter,Kotlin To Vbnet Converter,language_converter,Code,B,3,3,1,4,Noindex until unique examples exist,Programmatic long-tail converter with near-duplicate template and weak demand.
https://codeconvert.net/kotlin-to-powershell-converter,kotlin-to-powershell-converter,Kotlin To Powershell Converter,language_converter,Code,B,3,3,1,4,Noindex until unique examples exist,Programmatic long-tail converter with near-duplicate template and weak demand.
https://codeconvert.net/kotlin-to-objective-c-converter,kotlin-to-objective-c-converter,Kotlin To Objective C Converter,language_converter,Code,B,3,3,1,4,Noindex until unique examples exist,Programmatic long-tail converter with near-duplicate template and weak demand.
https://codeconvert.net/kotlin-to-assembly-converter,kotlin-to-assembly-converter,Kotlin To Assembly Converter,language_converter,Code,B,3,3,1,4,Noindex until unique examples exist,Programmatic long-tail converter with near-duplicate template and weak demand.
https://codeconvert.net/sql-to-javascript-converter,sql-to-javascript-converter,Sql To Javascript Converter,language_converter,Code,A,6,7,4,4,Index after manual upgrade,Real conversion demand but needs language-pair examples and comparison.
https://codeconvert.net/sql-to-python-converter,sql-to-python-converter,Sql To Python Converter,language_converter,Code,A,6,7,4,4,Index after manual upgrade,Real conversion demand but needs language-pair examples and comparison.
https://codeconvert.net/sql-to-typescript-converter,sql-to-typescript-converter,Sql To Typescript Converter,language_converter,Code,A,6,7,4,4,Index after manual upgrade,Real conversion demand but needs language-pair examples and comparison.
https://codeconvert.net/sql-to-java-converter,sql-to-java-converter,Sql To Java Converter,language_converter,Code,A,6,7,4,4,Index after manual upgrade,Real conversion demand but needs language-pair examples and comparison.
https://codeconvert.net/sql-to-cpp-converter,sql-to-cpp-converter,Sql To Cpp Converter,language_converter,Code,A,6,7,4,4,Index after manual upgrade,Real conversion demand but needs language-pair examples and comparison.
https://codeconvert.net/sql-to-csharp-converter,sql-to-csharp-converter,Sql To Csharp Converter,language_converter,Code,A,6,7,4,4,Index after manual upgrade,Real conversion demand but needs language-pair examples and comparison.
https://codeconvert.net/sql-to-go-converter,sql-to-go-converter,Sql To Go Converter,language_converter,Code,A,6,7,4,4,Index after manual upgrade,Real conversion demand but needs language-pair examples and comparison.
https://codeconvert.net/sql-to-rust-converter,sql-to-rust-converter,Sql To Rust Converter,language_converter,Code,A,6,7,4,4,Index after manual upgrade,Real conversion demand but needs language-pair examples and comparison.
https://codeconvert.net/sql-to-ruby-converter,sql-to-ruby-converter,Sql To Ruby Converter,language_converter,Code,B,3,3,1,4,Noindex until unique examples exist,Programmatic long-tail converter with near-duplicate template and weak demand.
https://codeconvert.net/sql-to-php-converter,sql-to-php-converter,Sql To Php Converter,language_converter,Code,A,6,7,4,4,Index after manual upgrade,Real conversion demand but needs language-pair examples and comparison.
https://codeconvert.net/sql-to-swift-converter,sql-to-swift-converter,Sql To Swift Converter,language_converter,Code,B,3,3,1,4,Noindex until unique examples exist,Programmatic long-tail converter with near-duplicate template and weak demand.
https://codeconvert.net/sql-to-kotlin-converter,sql-to-kotlin-converter,Sql To Kotlin Converter,language_converter,Code,B,3,3,1,4,Noindex until unique examples exist,Programmatic long-tail converter with near-duplicate template and weak demand.
https://codeconvert.net/sql-to-bash-converter,sql-to-bash-converter,Sql To Bash Converter,language_converter,Code,A,6,7,4,4,Index after manual upgrade,Real conversion demand but needs language-pair examples and comparison.
https://codeconvert.net/sql-to-r-converter,sql-to-r-converter,Sql To R Converter,language_converter,Code,B,3,3,1,4,Noindex until unique examples exist,Programmatic long-tail converter with near-duplicate template and weak demand.
https://codeconvert.net/sql-to-lua-converter,sql-to-lua-converter,Sql To Lua Converter,language_converter,Code,B,3,3,1,4,Noindex until unique examples exist,Programmatic long-tail converter with near-duplicate template and weak demand.
https://codeconvert.net/sql-to-dart-converter,sql-to-dart-converter,Sql To Dart Converter,language_converter,Code,B,3,3,1,4,Noindex until unique examples exist,Programmatic long-tail converter with near-duplicate template and weak demand.
https://codeconvert.net/sql-to-scala-converter,sql-to-scala-converter,Sql To Scala Converter,language_converter,Code,B,3,3,1,4,Noindex until unique examples exist,Programmatic long-tail converter with near-duplicate template and weak demand.
https://codeconvert.net/sql-to-perl-converter,sql-to-perl-converter,Sql To Perl Converter,language_converter,Code,B,3,3,1,4,Noindex until unique examples exist,Programmatic long-tail converter with near-duplicate template and weak demand.
https://codeconvert.net/sql-to-matlab-converter,sql-to-matlab-converter,Sql To Matlab Converter,language_converter,Code,B,3,3,1,4,Noindex until unique examples exist,Programmatic long-tail converter with near-duplicate template and weak demand.
https://codeconvert.net/sql-to-julia-converter,sql-to-julia-converter,Sql To Julia Converter,language_converter,Code,B,3,3,1,4,Noindex until unique examples exist,Programmatic long-tail converter with near-duplicate template and weak demand.
https://codeconvert.net/sql-to-haskell-converter,sql-to-haskell-converter,Sql To Haskell Converter,language_converter,Code,B,3,3,1,4,Noindex until unique examples exist,Programmatic long-tail converter with near-duplicate template and weak demand.
https://codeconvert.net/sql-to-elixir-converter,sql-to-elixir-converter,Sql To Elixir Converter,language_converter,Code,B,3,3,1,4,Noindex until unique examples exist,Programmatic long-tail converter with near-duplicate template and weak demand.
https://codeconvert.net/sql-to-clojure-converter,sql-to-clojure-converter,Sql To Clojure Converter,language_converter,Code,B,3,3,1,4,Noindex until unique examples exist,Programmatic long-tail converter with near-duplicate template and weak demand.
https://codeconvert.net/sql-to-cobol-converter,sql-to-cobol-converter,Sql To Cobol Converter,language_converter,Code,B,3,3,1,4,Noindex until unique examples exist,Programmatic long-tail converter with near-duplicate template and weak demand.
https://codeconvert.net/sql-to-fortran-converter,sql-to-fortran-converter,Sql To Fortran Converter,language_converter,Code,B,3,3,1,4,Noindex until unique examples exist,Programmatic long-tail converter with near-duplicate template and weak demand.
https://codeconvert.net/sql-to-pascal-converter,sql-to-pascal-converter,Sql To Pascal Converter,language_converter,Code,B,3,3,1,4,Noindex until unique examples exist,Programmatic long-tail converter with near-duplicate template and weak demand.
https://codeconvert.net/sql-to-vbnet-converter,sql-to-vbnet-converter,Sql To Vbnet Converter,language_converter,Code,B,3,3,1,4,Noindex until unique examples exist,Programmatic long-tail converter with near-duplicate template and weak demand.
https://codeconvert.net/sql-to-powershell-converter,sql-to-powershell-converter,Sql To Powershell Converter,language_converter,Code,A,6,7,4,4,Index after manual upgrade,Real conversion demand but needs language-pair examples and comparison.
https://codeconvert.net/sql-to-objective-c-converter,sql-to-objective-c-converter,Sql To Objective C Converter,language_converter,Code,B,3,3,1,4,Noindex until unique examples exist,Programmatic long-tail converter with near-duplicate template and weak demand.
https://codeconvert.net/sql-to-assembly-converter,sql-to-assembly-converter,Sql To Assembly Converter,language_converter,Code,B,3,3,1,4,Noindex until unique examples exist,Programmatic long-tail converter with near-duplicate template and weak demand.
https://codeconvert.net/bash-to-javascript-converter,bash-to-javascript-converter,Bash To Javascript Converter,language_converter,Code,A,6,7,4,4,Index after manual upgrade,Real conversion demand but needs language-pair examples and comparison.
https://codeconvert.net/bash-to-python-converter,bash-to-python-converter,Bash To Python Converter,language_converter,Code,A,6,7,4,4,Index after manual upgrade,Real conversion demand but needs language-pair examples and comparison.
https://codeconvert.net/bash-to-typescript-converter,bash-to-typescript-converter,Bash To Typescript Converter,language_converter,Code,A,6,7,4,4,Index after manual upgrade,Real conversion demand but needs language-pair examples and comparison.
https://codeconvert.net/bash-to-java-converter,bash-to-java-converter,Bash To Java Converter,language_converter,Code,A,6,7,4,4,Index after manual upgrade,Real conversion demand but needs language-pair examples and comparison.
https://codeconvert.net/bash-to-cpp-converter,bash-to-cpp-converter,Bash To Cpp Converter,language_converter,Code,A,6,7,4,4,Index after manual upgrade,Real conversion demand but needs language-pair examples and comparison.
https://codeconvert.net/bash-to-csharp-converter,bash-to-csharp-converter,Bash To Csharp Converter,language_converter,Code,A,6,7,4,4,Index after manual upgrade,Real conversion demand but needs language-pair examples and comparison.
https://codeconvert.net/bash-to-go-converter,bash-to-go-converter,Bash To Go Converter,language_converter,Code,A,6,7,4,4,Index after manual upgrade,Real conversion demand but needs language-pair examples and comparison.
https://codeconvert.net/bash-to-rust-converter,bash-to-rust-converter,Bash To Rust Converter,language_converter,Code,A,6,7,4,4,Index after manual upgrade,Real conversion demand but needs language-pair examples and comparison.
https://codeconvert.net/bash-to-ruby-converter,bash-to-ruby-converter,Bash To Ruby Converter,language_converter,Code,B,3,3,1,4,Noindex until unique examples exist,Programmatic long-tail converter with near-duplicate template and weak demand.
https://codeconvert.net/bash-to-php-converter,bash-to-php-converter,Bash To Php Converter,language_converter,Code,A,6,7,4,4,Index after manual upgrade,Real conversion demand but needs language-pair examples and comparison.
https://codeconvert.net/bash-to-swift-converter,bash-to-swift-converter,Bash To Swift Converter,language_converter,Code,B,3,3,1,4,Noindex until unique examples exist,Programmatic long-tail converter with near-duplicate template and weak demand.
https://codeconvert.net/bash-to-kotlin-converter,bash-to-kotlin-converter,Bash To Kotlin Converter,language_converter,Code,B,3,3,1,4,Noindex until unique examples exist,Programmatic long-tail converter with near-duplicate template and weak demand.
https://codeconvert.net/bash-to-sql-converter,bash-to-sql-converter,Bash To Sql Converter,language_converter,Code,A,6,7,4,4,Index after manual upgrade,Real conversion demand but needs language-pair examples and comparison.
https://codeconvert.net/bash-to-r-converter,bash-to-r-converter,Bash To R Converter,language_converter,Code,B,3,3,1,4,Noindex until unique examples exist,Programmatic long-tail converter with near-duplicate template and weak demand.
https://codeconvert.net/bash-to-lua-converter,bash-to-lua-converter,Bash To Lua Converter,language_converter,Code,B,3,3,1,4,Noindex until unique examples exist,Programmatic long-tail converter with near-duplicate template and weak demand.
https://codeconvert.net/bash-to-dart-converter,bash-to-dart-converter,Bash To Dart Converter,language_converter,Code,B,3,3,1,4,Noindex until unique examples exist,Programmatic long-tail converter with near-duplicate template and weak demand.
https://codeconvert.net/bash-to-scala-converter,bash-to-scala-converter,Bash To Scala Converter,language_converter,Code,B,3,3,1,4,Noindex until unique examples exist,Programmatic long-tail converter with near-duplicate template and weak demand.
https://codeconvert.net/bash-to-perl-converter,bash-to-perl-converter,Bash To Perl Converter,language_converter,Code,B,3,3,1,4,Noindex until unique examples exist,Programmatic long-tail converter with near-duplicate template and weak demand.
https://codeconvert.net/bash-to-matlab-converter,bash-to-matlab-converter,Bash To Matlab Converter,language_converter,Code,B,3,3,1,4,Noindex until unique examples exist,Programmatic long-tail converter with near-duplicate template and weak demand.
https://codeconvert.net/bash-to-julia-converter,bash-to-julia-converter,Bash To Julia Converter,language_converter,Code,B,3,3,1,4,Noindex until unique examples exist,Programmatic long-tail converter with near-duplicate template and weak demand.
https://codeconvert.net/bash-to-haskell-converter,bash-to-haskell-converter,Bash To Haskell Converter,language_converter,Code,B,3,3,1,4,Noindex until unique examples exist,Programmatic long-tail converter with near-duplicate template and weak demand.
https://codeconvert.net/bash-to-elixir-converter,bash-to-elixir-converter,Bash To Elixir Converter,language_converter,Code,B,3,3,1,4,Noindex until unique examples exist,Programmatic long-tail converter with near-duplicate template and weak demand.
https://codeconvert.net/bash-to-clojure-converter,bash-to-clojure-converter,Bash To Clojure Converter,language_converter,Code,B,3,3,1,4,Noindex until unique examples exist,Programmatic long-tail converter with near-duplicate template and weak demand.
https://codeconvert.net/bash-to-cobol-converter,bash-to-cobol-converter,Bash To Cobol Converter,language_converter,Code,B,3,3,1,4,Noindex until unique examples exist,Programmatic long-tail converter with near-duplicate template and weak demand.
https://codeconvert.net/bash-to-fortran-converter,bash-to-fortran-converter,Bash To Fortran Converter,language_converter,Code,B,3,3,1,4,Noindex until unique examples exist,Programmatic long-tail converter with near-duplicate template and weak demand.
https://codeconvert.net/bash-to-pascal-converter,bash-to-pascal-converter,Bash To Pascal Converter,language_converter,Code,B,3,3,1,4,Noindex until unique examples exist,Programmatic long-tail converter with near-duplicate template and weak demand.
https://codeconvert.net/bash-to-vbnet-converter,bash-to-vbnet-converter,Bash To Vbnet Converter,language_converter,Code,B,3,3,1,4,Noindex until unique examples exist,Programmatic long-tail converter with near-duplicate template and weak demand.
https://codeconvert.net/bash-to-powershell-converter,bash-to-powershell-converter,Bash To Powershell Converter,language_converter,Code,A,6,7,4,4,Index after manual upgrade,Real conversion demand but needs language-pair examples and comparison.
https://codeconvert.net/bash-to-objective-c-converter,bash-to-objective-c-converter,Bash To Objective C Converter,language_converter,Code,B,3,3,1,4,Noindex until unique examples exist,Programmatic long-tail converter with near-duplicate template and weak demand.
https://codeconvert.net/bash-to-assembly-converter,bash-to-assembly-converter,Bash To Assembly Converter,language_converter,Code,B,3,3,1,4,Noindex until unique examples exist,Programmatic long-tail converter with near-duplicate template and weak demand.
https://codeconvert.net/r-to-javascript-converter,r-to-javascript-converter,R To Javascript Converter,language_converter,Code,B,3,3,1,4,Noindex until unique examples exist,Programmatic long-tail converter with near-duplicate template and weak demand.
https://codeconvert.net/r-to-python-converter,r-to-python-converter,R To Python Converter,language_converter,Code,B,3,3,1,4,Noindex until unique examples exist,Programmatic long-tail converter with near-duplicate template and weak demand.
https://codeconvert.net/r-to-typescript-converter,r-to-typescript-converter,R To Typescript Converter,language_converter,Code,B,3,3,1,4,Noindex until unique examples exist,Programmatic long-tail converter with near-duplicate template and weak demand.
https://codeconvert.net/r-to-java-converter,r-to-java-converter,R To Java Converter,language_converter,Code,B,3,3,1,4,Noindex until unique examples exist,Programmatic long-tail converter with near-duplicate template and weak demand.
https://codeconvert.net/r-to-cpp-converter,r-to-cpp-converter,R To Cpp Converter,language_converter,Code,B,3,3,1,4,Noindex until unique examples exist,Programmatic long-tail converter with near-duplicate template and weak demand.
https://codeconvert.net/r-to-csharp-converter,r-to-csharp-converter,R To Csharp Converter,language_converter,Code,B,3,3,1,4,Noindex until unique examples exist,Programmatic long-tail converter with near-duplicate template and weak demand.
https://codeconvert.net/r-to-go-converter,r-to-go-converter,R To Go Converter,language_converter,Code,B,3,3,1,4,Noindex until unique examples exist,Programmatic long-tail converter with near-duplicate template and weak demand.
https://codeconvert.net/r-to-rust-converter,r-to-rust-converter,R To Rust Converter,language_converter,Code,B,3,3,1,4,Noindex until unique examples exist,Programmatic long-tail converter with near-duplicate template and weak demand.
https://codeconvert.net/r-to-ruby-converter,r-to-ruby-converter,R To Ruby Converter,language_converter,Code,B,3,3,1,4,Noindex until unique examples exist,Programmatic long-tail converter with near-duplicate template and weak demand.
https://codeconvert.net/r-to-php-converter,r-to-php-converter,R To Php Converter,language_converter,Code,B,3,3,1,4,Noindex until unique examples exist,Programmatic long-tail converter with near-duplicate template and weak demand.
https://codeconvert.net/r-to-swift-converter,r-to-swift-converter,R To Swift Converter,language_converter,Code,B,3,3,1,4,Noindex until unique examples exist,Programmatic long-tail converter with near-duplicate template and weak demand.
https://codeconvert.net/r-to-kotlin-converter,r-to-kotlin-converter,R To Kotlin Converter,language_converter,Code,B,3,3,1,4,Noindex until unique examples exist,Programmatic long-tail converter with near-duplicate template and weak demand.
https://codeconvert.net/r-to-sql-converter,r-to-sql-converter,R To Sql Converter,language_converter,Code,B,3,3,1,4,Noindex until unique examples exist,Programmatic long-tail converter with near-duplicate template and weak demand.
https://codeconvert.net/r-to-bash-converter,r-to-bash-converter,R To Bash Converter,language_converter,Code,B,3,3,1,4,Noindex until unique examples exist,Programmatic long-tail converter with near-duplicate template and weak demand.
https://codeconvert.net/r-to-lua-converter,r-to-lua-converter,R To Lua Converter,language_converter,Code,B,3,3,1,4,Noindex until unique examples exist,Programmatic long-tail converter with near-duplicate template and weak demand.
https://codeconvert.net/r-to-dart-converter,r-to-dart-converter,R To Dart Converter,language_converter,Code,B,3,3,1,4,Noindex until unique examples exist,Programmatic long-tail converter with near-duplicate template and weak demand.
https://codeconvert.net/r-to-scala-converter,r-to-scala-converter,R To Scala Converter,language_converter,Code,B,3,3,1,4,Noindex until unique examples exist,Programmatic long-tail converter with near-duplicate template and weak demand.
https://codeconvert.net/r-to-perl-converter,r-to-perl-converter,R To Perl Converter,language_converter,Code,B,3,3,1,4,Noindex until unique examples exist,Programmatic long-tail converter with near-duplicate template and weak demand.
https://codeconvert.net/r-to-matlab-converter,r-to-matlab-converter,R To Matlab Converter,language_converter,Code,B,3,3,1,4,Noindex until unique examples exist,Programmatic long-tail converter with near-duplicate template and weak demand.
https://codeconvert.net/r-to-julia-converter,r-to-julia-converter,R To Julia Converter,language_converter,Code,B,3,3,1,4,Noindex until unique examples exist,Programmatic long-tail converter with near-duplicate template and weak demand.
https://codeconvert.net/r-to-haskell-converter,r-to-haskell-converter,R To Haskell Converter,language_converter,Code,B,3,3,1,4,Noindex until unique examples exist,Programmatic long-tail converter with near-duplicate template and weak demand.
https://codeconvert.net/r-to-elixir-converter,r-to-elixir-converter,R To Elixir Converter,language_converter,Code,B,3,3,1,4,Noindex until unique examples exist,Programmatic long-tail converter with near-duplicate template and weak demand.
https://codeconvert.net/r-to-clojure-converter,r-to-clojure-converter,R To Clojure Converter,language_converter,Code,B,3,3,1,4,Noindex until unique examples exist,Programmatic long-tail converter with near-duplicate template and weak demand.
https://codeconvert.net/r-to-cobol-converter,r-to-cobol-converter,R To Cobol Converter,language_converter,Code,B,3,3,1,4,Noindex until unique examples exist,Programmatic long-tail converter with near-duplicate template and weak demand.
https://codeconvert.net/r-to-fortran-converter,r-to-fortran-converter,R To Fortran Converter,language_converter,Code,B,3,3,1,4,Noindex until unique examples exist,Programmatic long-tail converter with near-duplicate template and weak demand.
https://codeconvert.net/r-to-pascal-converter,r-to-pascal-converter,R To Pascal Converter,language_converter,Code,B,3,3,1,4,Noindex until unique examples exist,Programmatic long-tail converter with near-duplicate template and weak demand.
https://codeconvert.net/r-to-vbnet-converter,r-to-vbnet-converter,R To Vbnet Converter,language_converter,Code,B,3,3,1,4,Noindex until unique examples exist,Programmatic long-tail converter with near-duplicate template and weak demand.
https://codeconvert.net/r-to-powershell-converter,r-to-powershell-converter,R To Powershell Converter,language_converter,Code,B,3,3,1,4,Noindex until unique examples exist,Programmatic long-tail converter with near-duplicate template and weak demand.
https://codeconvert.net/r-to-objective-c-converter,r-to-objective-c-converter,R To Objective C Converter,language_converter,Code,B,3,3,1,4,Noindex until unique examples exist,Programmatic long-tail converter with near-duplicate template and weak demand.
https://codeconvert.net/r-to-assembly-converter,r-to-assembly-converter,R To Assembly Converter,language_converter,Code,B,3,3,1,4,Noindex until unique examples exist,Programmatic long-tail converter with near-duplicate template and weak demand.
https://codeconvert.net/lua-to-javascript-converter,lua-to-javascript-converter,Lua To Javascript Converter,language_converter,Code,B,3,3,1,4,Noindex until unique examples exist,Programmatic long-tail converter with near-duplicate template and weak demand.
https://codeconvert.net/lua-to-python-converter,lua-to-python-converter,Lua To Python Converter,language_converter,Code,B,3,3,1,4,Noindex until unique examples exist,Programmatic long-tail converter with near-duplicate template and weak demand.
https://codeconvert.net/lua-to-typescript-converter,lua-to-typescript-converter,Lua To Typescript Converter,language_converter,Code,B,3,3,1,4,Noindex until unique examples exist,Programmatic long-tail converter with near-duplicate template and weak demand.
https://codeconvert.net/lua-to-java-converter,lua-to-java-converter,Lua To Java Converter,language_converter,Code,B,3,3,1,4,Noindex until unique examples exist,Programmatic long-tail converter with near-duplicate template and weak demand.
https://codeconvert.net/lua-to-cpp-converter,lua-to-cpp-converter,Lua To Cpp Converter,language_converter,Code,B,3,3,1,4,Noindex until unique examples exist,Programmatic long-tail converter with near-duplicate template and weak demand.
https://codeconvert.net/lua-to-csharp-converter,lua-to-csharp-converter,Lua To Csharp Converter,language_converter,Code,B,3,3,1,4,Noindex until unique examples exist,Programmatic long-tail converter with near-duplicate template and weak demand.
https://codeconvert.net/lua-to-go-converter,lua-to-go-converter,Lua To Go Converter,language_converter,Code,B,3,3,1,4,Noindex until unique examples exist,Programmatic long-tail converter with near-duplicate template and weak demand.
https://codeconvert.net/lua-to-rust-converter,lua-to-rust-converter,Lua To Rust Converter,language_converter,Code,B,3,3,1,4,Noindex until unique examples exist,Programmatic long-tail converter with near-duplicate template and weak demand.
https://codeconvert.net/lua-to-ruby-converter,lua-to-ruby-converter,Lua To Ruby Converter,language_converter,Code,B,3,3,1,4,Noindex until unique examples exist,Programmatic long-tail converter with near-duplicate template and weak demand.
https://codeconvert.net/lua-to-php-converter,lua-to-php-converter,Lua To Php Converter,language_converter,Code,B,3,3,1,4,Noindex until unique examples exist,Programmatic long-tail converter with near-duplicate template and weak demand.
https://codeconvert.net/lua-to-swift-converter,lua-to-swift-converter,Lua To Swift Converter,language_converter,Code,B,3,3,1,4,Noindex until unique examples exist,Programmatic long-tail converter with near-duplicate template and weak demand.
https://codeconvert.net/lua-to-kotlin-converter,lua-to-kotlin-converter,Lua To Kotlin Converter,language_converter,Code,B,3,3,1,4,Noindex until unique examples exist,Programmatic long-tail converter with near-duplicate template and weak demand.
https://codeconvert.net/lua-to-sql-converter,lua-to-sql-converter,Lua To Sql Converter,language_converter,Code,B,3,3,1,4,Noindex until unique examples exist,Programmatic long-tail converter with near-duplicate template and weak demand.
https://codeconvert.net/lua-to-bash-converter,lua-to-bash-converter,Lua To Bash Converter,language_converter,Code,B,3,3,1,4,Noindex until unique examples exist,Programmatic long-tail converter with near-duplicate template and weak demand.
https://codeconvert.net/lua-to-r-converter,lua-to-r-converter,Lua To R Converter,language_converter,Code,B,3,3,1,4,Noindex until unique examples exist,Programmatic long-tail converter with near-duplicate template and weak demand.
https://codeconvert.net/lua-to-dart-converter,lua-to-dart-converter,Lua To Dart Converter,language_converter,Code,B,3,3,1,4,Noindex until unique examples exist,Programmatic long-tail converter with near-duplicate template and weak demand.
https://codeconvert.net/lua-to-scala-converter,lua-to-scala-converter,Lua To Scala Converter,language_converter,Code,B,3,3,1,4,Noindex until unique examples exist,Programmatic long-tail converter with near-duplicate template and weak demand.
https://codeconvert.net/lua-to-perl-converter,lua-to-perl-converter,Lua To Perl Converter,language_converter,Code,B,3,3,1,4,Noindex until unique examples exist,Programmatic long-tail converter with near-duplicate template and weak demand.
https://codeconvert.net/lua-to-matlab-converter,lua-to-matlab-converter,Lua To Matlab Converter,language_converter,Code,B,3,3,1,4,Noindex until unique examples exist,Programmatic long-tail converter with near-duplicate template and weak demand.
https://codeconvert.net/lua-to-julia-converter,lua-to-julia-converter,Lua To Julia Converter,language_converter,Code,B,3,3,1,4,Noindex until unique examples exist,Programmatic long-tail converter with near-duplicate template and weak demand.
https://codeconvert.net/lua-to-haskell-converter,lua-to-haskell-converter,Lua To Haskell Converter,language_converter,Code,B,3,3,1,4,Noindex until unique examples exist,Programmatic long-tail converter with near-duplicate template and weak demand.
https://codeconvert.net/lua-to-elixir-converter,lua-to-elixir-converter,Lua To Elixir Converter,language_converter,Code,B,3,3,1,4,Noindex until unique examples exist,Programmatic long-tail converter with near-duplicate template and weak demand.
https://codeconvert.net/lua-to-clojure-converter,lua-to-clojure-converter,Lua To Clojure Converter,language_converter,Code,B,3,3,1,4,Noindex until unique examples exist,Programmatic long-tail converter with near-duplicate template and weak demand.
https://codeconvert.net/lua-to-cobol-converter,lua-to-cobol-converter,Lua To Cobol Converter,language_converter,Code,B,3,3,1,4,Noindex until unique examples exist,Programmatic long-tail converter with near-duplicate template and weak demand.
https://codeconvert.net/lua-to-fortran-converter,lua-to-fortran-converter,Lua To Fortran Converter,language_converter,Code,B,3,3,1,4,Noindex until unique examples exist,Programmatic long-tail converter with near-duplicate template and weak demand.
https://codeconvert.net/lua-to-pascal-converter,lua-to-pascal-converter,Lua To Pascal Converter,language_converter,Code,B,3,3,1,4,Noindex until unique examples exist,Programmatic long-tail converter with near-duplicate template and weak demand.
https://codeconvert.net/lua-to-vbnet-converter,lua-to-vbnet-converter,Lua To Vbnet Converter,language_converter,Code,B,3,3,1,4,Noindex until unique examples exist,Programmatic long-tail converter with near-duplicate template and weak demand.
https://codeconvert.net/lua-to-powershell-converter,lua-to-powershell-converter,Lua To Powershell Converter,language_converter,Code,B,3,3,1,4,Noindex until unique examples exist,Programmatic long-tail converter with near-duplicate template and weak demand.
https://codeconvert.net/lua-to-objective-c-converter,lua-to-objective-c-converter,Lua To Objective C Converter,language_converter,Code,B,3,3,1,4,Noindex until unique examples exist,Programmatic long-tail converter with near-duplicate template and weak demand.
https://codeconvert.net/lua-to-assembly-converter,lua-to-assembly-converter,Lua To Assembly Converter,language_converter,Code,B,3,3,1,4,Noindex until unique examples exist,Programmatic long-tail converter with near-duplicate template and weak demand.
https://codeconvert.net/dart-to-javascript-converter,dart-to-javascript-converter,Dart To Javascript Converter,language_converter,Code,B,3,3,1,4,Noindex until unique examples exist,Programmatic long-tail converter with near-duplicate template and weak demand.
https://codeconvert.net/dart-to-python-converter,dart-to-python-converter,Dart To Python Converter,language_converter,Code,B,3,3,1,4,Noindex until unique examples exist,Programmatic long-tail converter with near-duplicate template and weak demand.
https://codeconvert.net/dart-to-typescript-converter,dart-to-typescript-converter,Dart To Typescript Converter,language_converter,Code,B,3,3,1,4,Noindex until unique examples exist,Programmatic long-tail converter with near-duplicate template and weak demand.
https://codeconvert.net/dart-to-java-converter,dart-to-java-converter,Dart To Java Converter,language_converter,Code,B,3,3,1,4,Noindex until unique examples exist,Programmatic long-tail converter with near-duplicate template and weak demand.
https://codeconvert.net/dart-to-cpp-converter,dart-to-cpp-converter,Dart To Cpp Converter,language_converter,Code,B,3,3,1,4,Noindex until unique examples exist,Programmatic long-tail converter with near-duplicate template and weak demand.
https://codeconvert.net/dart-to-csharp-converter,dart-to-csharp-converter,Dart To Csharp Converter,language_converter,Code,B,3,3,1,4,Noindex until unique examples exist,Programmatic long-tail converter with near-duplicate template and weak demand.
https://codeconvert.net/dart-to-go-converter,dart-to-go-converter,Dart To Go Converter,language_converter,Code,B,3,3,1,4,Noindex until unique examples exist,Programmatic long-tail converter with near-duplicate template and weak demand.
https://codeconvert.net/dart-to-rust-converter,dart-to-rust-converter,Dart To Rust Converter,language_converter,Code,B,3,3,1,4,Noindex until unique examples exist,Programmatic long-tail converter with near-duplicate template and weak demand.
https://codeconvert.net/dart-to-ruby-converter,dart-to-ruby-converter,Dart To Ruby Converter,language_converter,Code,B,3,3,1,4,Noindex until unique examples exist,Programmatic long-tail converter with near-duplicate template and weak demand.
https://codeconvert.net/dart-to-php-converter,dart-to-php-converter,Dart To Php Converter,language_converter,Code,B,3,3,1,4,Noindex until unique examples exist,Programmatic long-tail converter with near-duplicate template and weak demand.
https://codeconvert.net/dart-to-swift-converter,dart-to-swift-converter,Dart To Swift Converter,language_converter,Code,B,3,3,1,4,Noindex until unique examples exist,Programmatic long-tail converter with near-duplicate template and weak demand.
https://codeconvert.net/dart-to-kotlin-converter,dart-to-kotlin-converter,Dart To Kotlin Converter,language_converter,Code,B,3,3,1,4,Noindex until unique examples exist,Programmatic long-tail converter with near-duplicate template and weak demand.
https://codeconvert.net/dart-to-sql-converter,dart-to-sql-converter,Dart To Sql Converter,language_converter,Code,B,3,3,1,4,Noindex until unique examples exist,Programmatic long-tail converter with near-duplicate template and weak demand.
https://codeconvert.net/dart-to-bash-converter,dart-to-bash-converter,Dart To Bash Converter,language_converter,Code,B,3,3,1,4,Noindex until unique examples exist,Programmatic long-tail converter with near-duplicate template and weak demand.
https://codeconvert.net/dart-to-r-converter,dart-to-r-converter,Dart To R Converter,language_converter,Code,B,3,3,1,4,Noindex until unique examples exist,Programmatic long-tail converter with near-duplicate template and weak demand.
https://codeconvert.net/dart-to-lua-converter,dart-to-lua-converter,Dart To Lua Converter,language_converter,Code,B,3,3,1,4,Noindex until unique examples exist,Programmatic long-tail converter with near-duplicate template and weak demand.
https://codeconvert.net/dart-to-scala-converter,dart-to-scala-converter,Dart To Scala Converter,language_converter,Code,B,3,3,1,4,Noindex until unique examples exist,Programmatic long-tail converter with near-duplicate template and weak demand.
https://codeconvert.net/dart-to-perl-converter,dart-to-perl-converter,Dart To Perl Converter,language_converter,Code,B,3,3,1,4,Noindex until unique examples exist,Programmatic long-tail converter with near-duplicate template and weak demand.
https://codeconvert.net/dart-to-matlab-converter,dart-to-matlab-converter,Dart To Matlab Converter,language_converter,Code,B,3,3,1,4,Noindex until unique examples exist,Programmatic long-tail converter with near-duplicate template and weak demand.
https://codeconvert.net/dart-to-julia-converter,dart-to-julia-converter,Dart To Julia Converter,language_converter,Code,B,3,3,1,4,Noindex until unique examples exist,Programmatic long-tail converter with near-duplicate template and weak demand.
https://codeconvert.net/dart-to-haskell-converter,dart-to-haskell-converter,Dart To Haskell Converter,language_converter,Code,B,3,3,1,4,Noindex until unique examples exist,Programmatic long-tail converter with near-duplicate template and weak demand.
https://codeconvert.net/dart-to-elixir-converter,dart-to-elixir-converter,Dart To Elixir Converter,language_converter,Code,B,3,3,1,4,Noindex until unique examples exist,Programmatic long-tail converter with near-duplicate template and weak demand.
https://codeconvert.net/dart-to-clojure-converter,dart-to-clojure-converter,Dart To Clojure Converter,language_converter,Code,B,3,3,1,4,Noindex until unique examples exist,Programmatic long-tail converter with near-duplicate template and weak demand.
https://codeconvert.net/dart-to-cobol-converter,dart-to-cobol-converter,Dart To Cobol Converter,language_converter,Code,B,3,3,1,4,Noindex until unique examples exist,Programmatic long-tail converter with near-duplicate template and weak demand.
https://codeconvert.net/dart-to-fortran-converter,dart-to-fortran-converter,Dart To Fortran Converter,language_converter,Code,B,3,3,1,4,Noindex until unique examples exist,Programmatic long-tail converter with near-duplicate template and weak demand.
https://codeconvert.net/dart-to-pascal-converter,dart-to-pascal-converter,Dart To Pascal Converter,language_converter,Code,B,3,3,1,4,Noindex until unique examples exist,Programmatic long-tail converter with near-duplicate template and weak demand.
https://codeconvert.net/dart-to-vbnet-converter,dart-to-vbnet-converter,Dart To Vbnet Converter,language_converter,Code,B,3,3,1,4,Noindex until unique examples exist,Programmatic long-tail converter with near-duplicate template and weak demand.
https://codeconvert.net/dart-to-powershell-converter,dart-to-powershell-converter,Dart To Powershell Converter,language_converter,Code,B,3,3,1,4,Noindex until unique examples exist,Programmatic long-tail converter with near-duplicate template and weak demand.
https://codeconvert.net/dart-to-objective-c-converter,dart-to-objective-c-converter,Dart To Objective C Converter,language_converter,Code,B,3,3,1,4,Noindex until unique examples exist,Programmatic long-tail converter with near-duplicate template and weak demand.
https://codeconvert.net/dart-to-assembly-converter,dart-to-assembly-converter,Dart To Assembly Converter,language_converter,Code,B,3,3,1,4,Noindex until unique examples exist,Programmatic long-tail converter with near-duplicate template and weak demand.
https://codeconvert.net/scala-to-javascript-converter,scala-to-javascript-converter,Scala To Javascript Converter,language_converter,Code,B,3,3,1,4,Noindex until unique examples exist,Programmatic long-tail converter with near-duplicate template and weak demand.
https://codeconvert.net/scala-to-python-converter,scala-to-python-converter,Scala To Python Converter,language_converter,Code,B,3,3,1,4,Noindex until unique examples exist,Programmatic long-tail converter with near-duplicate template and weak demand.
https://codeconvert.net/scala-to-typescript-converter,scala-to-typescript-converter,Scala To Typescript Converter,language_converter,Code,B,3,3,1,4,Noindex until unique examples exist,Programmatic long-tail converter with near-duplicate template and weak demand.
https://codeconvert.net/scala-to-java-converter,scala-to-java-converter,Scala To Java Converter,language_converter,Code,B,3,3,1,4,Noindex until unique examples exist,Programmatic long-tail converter with near-duplicate template and weak demand.
https://codeconvert.net/scala-to-cpp-converter,scala-to-cpp-converter,Scala To Cpp Converter,language_converter,Code,B,3,3,1,4,Noindex until unique examples exist,Programmatic long-tail converter with near-duplicate template and weak demand.
https://codeconvert.net/scala-to-csharp-converter,scala-to-csharp-converter,Scala To Csharp Converter,language_converter,Code,B,3,3,1,4,Noindex until unique examples exist,Programmatic long-tail converter with near-duplicate template and weak demand.
https://codeconvert.net/scala-to-go-converter,scala-to-go-converter,Scala To Go Converter,language_converter,Code,B,3,3,1,4,Noindex until unique examples exist,Programmatic long-tail converter with near-duplicate template and weak demand.
https://codeconvert.net/scala-to-rust-converter,scala-to-rust-converter,Scala To Rust Converter,language_converter,Code,B,3,3,1,4,Noindex until unique examples exist,Programmatic long-tail converter with near-duplicate template and weak demand.
https://codeconvert.net/scala-to-ruby-converter,scala-to-ruby-converter,Scala To Ruby Converter,language_converter,Code,B,3,3,1,4,Noindex until unique examples exist,Programmatic long-tail converter with near-duplicate template and weak demand.
https://codeconvert.net/scala-to-php-converter,scala-to-php-converter,Scala To Php Converter,language_converter,Code,B,3,3,1,4,Noindex until unique examples exist,Programmatic long-tail converter with near-duplicate template and weak demand.
https://codeconvert.net/scala-to-swift-converter,scala-to-swift-converter,Scala To Swift Converter,language_converter,Code,B,3,3,1,4,Noindex until unique examples exist,Programmatic long-tail converter with near-duplicate template and weak demand.
https://codeconvert.net/scala-to-kotlin-converter,scala-to-kotlin-converter,Scala To Kotlin Converter,language_converter,Code,B,3,3,1,4,Noindex until unique examples exist,Programmatic long-tail converter with near-duplicate template and weak demand.
https://codeconvert.net/scala-to-sql-converter,scala-to-sql-converter,Scala To Sql Converter,language_converter,Code,B,3,3,1,4,Noindex until unique examples exist,Programmatic long-tail converter with near-duplicate template and weak demand.
https://codeconvert.net/scala-to-bash-converter,scala-to-bash-converter,Scala To Bash Converter,language_converter,Code,B,3,3,1,4,Noindex until unique examples exist,Programmatic long-tail converter with near-duplicate template and weak demand.
https://codeconvert.net/scala-to-r-converter,scala-to-r-converter,Scala To R Converter,language_converter,Code,B,3,3,1,4,Noindex until unique examples exist,Programmatic long-tail converter with near-duplicate template and weak demand.
https://codeconvert.net/scala-to-lua-converter,scala-to-lua-converter,Scala To Lua Converter,language_converter,Code,B,3,3,1,4,Noindex until unique examples exist,Programmatic long-tail converter with near-duplicate template and weak demand.
https://codeconvert.net/scala-to-dart-converter,scala-to-dart-converter,Scala To Dart Converter,language_converter,Code,B,3,3,1,4,Noindex until unique examples exist,Programmatic long-tail converter with near-duplicate template and weak demand.
https://codeconvert.net/scala-to-perl-converter,scala-to-perl-converter,Scala To Perl Converter,language_converter,Code,B,3,3,1,4,Noindex until unique examples exist,Programmatic long-tail converter with near-duplicate template and weak demand.
https://codeconvert.net/scala-to-matlab-converter,scala-to-matlab-converter,Scala To Matlab Converter,language_converter,Code,B,3,3,1,4,Noindex until unique examples exist,Programmatic long-tail converter with near-duplicate template and weak demand.
https://codeconvert.net/scala-to-julia-converter,scala-to-julia-converter,Scala To Julia Converter,language_converter,Code,B,3,3,1,4,Noindex until unique examples exist,Programmatic long-tail converter with near-duplicate template and weak demand.
https://codeconvert.net/scala-to-haskell-converter,scala-to-haskell-converter,Scala To Haskell Converter,language_converter,Code,B,3,3,1,4,Noindex until unique examples exist,Programmatic long-tail converter with near-duplicate template and weak demand.
https://codeconvert.net/scala-to-elixir-converter,scala-to-elixir-converter,Scala To Elixir Converter,language_converter,Code,B,3,3,1,4,Noindex until unique examples exist,Programmatic long-tail converter with near-duplicate template and weak demand.
https://codeconvert.net/scala-to-clojure-converter,scala-to-clojure-converter,Scala To Clojure Converter,language_converter,Code,B,3,3,1,4,Noindex until unique examples exist,Programmatic long-tail converter with near-duplicate template and weak demand.
https://codeconvert.net/scala-to-cobol-converter,scala-to-cobol-converter,Scala To Cobol Converter,language_converter,Code,B,3,3,1,4,Noindex until unique examples exist,Programmatic long-tail converter with near-duplicate template and weak demand.
https://codeconvert.net/scala-to-fortran-converter,scala-to-fortran-converter,Scala To Fortran Converter,language_converter,Code,B,3,3,1,4,Noindex until unique examples exist,Programmatic long-tail converter with near-duplicate template and weak demand.
https://codeconvert.net/scala-to-pascal-converter,scala-to-pascal-converter,Scala To Pascal Converter,language_converter,Code,B,3,3,1,4,Noindex until unique examples exist,Programmatic long-tail converter with near-duplicate template and weak demand.
https://codeconvert.net/scala-to-vbnet-converter,scala-to-vbnet-converter,Scala To Vbnet Converter,language_converter,Code,B,3,3,1,4,Noindex until unique examples exist,Programmatic long-tail converter with near-duplicate template and weak demand.
https://codeconvert.net/scala-to-powershell-converter,scala-to-powershell-converter,Scala To Powershell Converter,language_converter,Code,B,3,3,1,4,Noindex until unique examples exist,Programmatic long-tail converter with near-duplicate template and weak demand.
https://codeconvert.net/scala-to-objective-c-converter,scala-to-objective-c-converter,Scala To Objective C Converter,language_converter,Code,B,3,3,1,4,Noindex until unique examples exist,Programmatic long-tail converter with near-duplicate template and weak demand.
https://codeconvert.net/scala-to-assembly-converter,scala-to-assembly-converter,Scala To Assembly Converter,language_converter,Code,B,3,3,1,4,Noindex until unique examples exist,Programmatic long-tail converter with near-duplicate template and weak demand.
https://codeconvert.net/perl-to-javascript-converter,perl-to-javascript-converter,Perl To Javascript Converter,language_converter,Code,B,3,3,1,4,Noindex until unique examples exist,Programmatic long-tail converter with near-duplicate template and weak demand.
https://codeconvert.net/perl-to-python-converter,perl-to-python-converter,Perl To Python Converter,language_converter,Code,B,3,3,1,4,Noindex until unique examples exist,Programmatic long-tail converter with near-duplicate template and weak demand.
https://codeconvert.net/perl-to-typescript-converter,perl-to-typescript-converter,Perl To Typescript Converter,language_converter,Code,B,3,3,1,4,Noindex until unique examples exist,Programmatic long-tail converter with near-duplicate template and weak demand.
https://codeconvert.net/perl-to-java-converter,perl-to-java-converter,Perl To Java Converter,language_converter,Code,B,3,3,1,4,Noindex until unique examples exist,Programmatic long-tail converter with near-duplicate template and weak demand.
https://codeconvert.net/perl-to-cpp-converter,perl-to-cpp-converter,Perl To Cpp Converter,language_converter,Code,B,3,3,1,4,Noindex until unique examples exist,Programmatic long-tail converter with near-duplicate template and weak demand.
https://codeconvert.net/perl-to-csharp-converter,perl-to-csharp-converter,Perl To Csharp Converter,language_converter,Code,B,3,3,1,4,Noindex until unique examples exist,Programmatic long-tail converter with near-duplicate template and weak demand.
https://codeconvert.net/perl-to-go-converter,perl-to-go-converter,Perl To Go Converter,language_converter,Code,B,3,3,1,4,Noindex until unique examples exist,Programmatic long-tail converter with near-duplicate template and weak demand.
https://codeconvert.net/perl-to-rust-converter,perl-to-rust-converter,Perl To Rust Converter,language_converter,Code,B,3,3,1,4,Noindex until unique examples exist,Programmatic long-tail converter with near-duplicate template and weak demand.
https://codeconvert.net/perl-to-ruby-converter,perl-to-ruby-converter,Perl To Ruby Converter,language_converter,Code,B,3,3,1,4,Noindex until unique examples exist,Programmatic long-tail converter with near-duplicate template and weak demand.
https://codeconvert.net/perl-to-php-converter,perl-to-php-converter,Perl To Php Converter,language_converter,Code,B,3,3,1,4,Noindex until unique examples exist,Programmatic long-tail converter with near-duplicate template and weak demand.
https://codeconvert.net/perl-to-swift-converter,perl-to-swift-converter,Perl To Swift Converter,language_converter,Code,B,3,3,1,4,Noindex until unique examples exist,Programmatic long-tail converter with near-duplicate template and weak demand.
https://codeconvert.net/perl-to-kotlin-converter,perl-to-kotlin-converter,Perl To Kotlin Converter,language_converter,Code,B,3,3,1,4,Noindex until unique examples exist,Programmatic long-tail converter with near-duplicate template and weak demand.
https://codeconvert.net/perl-to-sql-converter,perl-to-sql-converter,Perl To Sql Converter,language_converter,Code,B,3,3,1,4,Noindex until unique examples exist,Programmatic long-tail converter with near-duplicate template and weak demand.
https://codeconvert.net/perl-to-bash-converter,perl-to-bash-converter,Perl To Bash Converter,language_converter,Code,B,3,3,1,4,Noindex until unique examples exist,Programmatic long-tail converter with near-duplicate template and weak demand.
https://codeconvert.net/perl-to-r-converter,perl-to-r-converter,Perl To R Converter,language_converter,Code,B,3,3,1,4,Noindex until unique examples exist,Programmatic long-tail converter with near-duplicate template and weak demand.
https://codeconvert.net/perl-to-lua-converter,perl-to-lua-converter,Perl To Lua Converter,language_converter,Code,B,3,3,1,4,Noindex until unique examples exist,Programmatic long-tail converter with near-duplicate template and weak demand.
https://codeconvert.net/perl-to-dart-converter,perl-to-dart-converter,Perl To Dart Converter,language_converter,Code,B,3,3,1,4,Noindex until unique examples exist,Programmatic long-tail converter with near-duplicate template and weak demand.
https://codeconvert.net/perl-to-scala-converter,perl-to-scala-converter,Perl To Scala Converter,language_converter,Code,B,3,3,1,4,Noindex until unique examples exist,Programmatic long-tail converter with near-duplicate template and weak demand.
https://codeconvert.net/perl-to-matlab-converter,perl-to-matlab-converter,Perl To Matlab Converter,language_converter,Code,B,3,3,1,4,Noindex until unique examples exist,Programmatic long-tail converter with near-duplicate template and weak demand.
https://codeconvert.net/perl-to-julia-converter,perl-to-julia-converter,Perl To Julia Converter,language_converter,Code,B,3,3,1,4,Noindex until unique examples exist,Programmatic long-tail converter with near-duplicate template and weak demand.
https://codeconvert.net/perl-to-haskell-converter,perl-to-haskell-converter,Perl To Haskell Converter,language_converter,Code,B,3,3,1,4,Noindex until unique examples exist,Programmatic long-tail converter with near-duplicate template and weak demand.
https://codeconvert.net/perl-to-elixir-converter,perl-to-elixir-converter,Perl To Elixir Converter,language_converter,Code,B,3,3,1,4,Noindex until unique examples exist,Programmatic long-tail converter with near-duplicate template and weak demand.
https://codeconvert.net/perl-to-clojure-converter,perl-to-clojure-converter,Perl To Clojure Converter,language_converter,Code,B,3,3,1,4,Noindex until unique examples exist,Programmatic long-tail converter with near-duplicate template and weak demand.
https://codeconvert.net/perl-to-cobol-converter,perl-to-cobol-converter,Perl To Cobol Converter,language_converter,Code,B,3,3,1,4,Noindex until unique examples exist,Programmatic long-tail converter with near-duplicate template and weak demand.
https://codeconvert.net/perl-to-fortran-converter,perl-to-fortran-converter,Perl To Fortran Converter,language_converter,Code,B,3,3,1,4,Noindex until unique examples exist,Programmatic long-tail converter with near-duplicate template and weak demand.
https://codeconvert.net/perl-to-pascal-converter,perl-to-pascal-converter,Perl To Pascal Converter,language_converter,Code,B,3,3,1,4,Noindex until unique examples exist,Programmatic long-tail converter with near-duplicate template and weak demand.
https://codeconvert.net/perl-to-vbnet-converter,perl-to-vbnet-converter,Perl To Vbnet Converter,language_converter,Code,B,3,3,1,4,Noindex until unique examples exist,Programmatic long-tail converter with near-duplicate template and weak demand.
https://codeconvert.net/perl-to-powershell-converter,perl-to-powershell-converter,Perl To Powershell Converter,language_converter,Code,B,3,3,1,4,Noindex until unique examples exist,Programmatic long-tail converter with near-duplicate template and weak demand.
https://codeconvert.net/perl-to-objective-c-converter,perl-to-objective-c-converter,Perl To Objective C Converter,language_converter,Code,B,3,3,1,4,Noindex until unique examples exist,Programmatic long-tail converter with near-duplicate template and weak demand.
https://codeconvert.net/perl-to-assembly-converter,perl-to-assembly-converter,Perl To Assembly Converter,language_converter,Code,B,3,3,1,4,Noindex until unique examples exist,Programmatic long-tail converter with near-duplicate template and weak demand.
https://codeconvert.net/matlab-to-javascript-converter,matlab-to-javascript-converter,Matlab To Javascript Converter,language_converter,Code,B,3,3,1,4,Noindex until unique examples exist,Programmatic long-tail converter with near-duplicate template and weak demand.
https://codeconvert.net/matlab-to-python-converter,matlab-to-python-converter,Matlab To Python Converter,language_converter,Code,B,3,3,1,4,Noindex until unique examples exist,Programmatic long-tail converter with near-duplicate template and weak demand.
https://codeconvert.net/matlab-to-typescript-converter,matlab-to-typescript-converter,Matlab To Typescript Converter,language_converter,Code,B,3,3,1,4,Noindex until unique examples exist,Programmatic long-tail converter with near-duplicate template and weak demand.
https://codeconvert.net/matlab-to-java-converter,matlab-to-java-converter,Matlab To Java Converter,language_converter,Code,B,3,3,1,4,Noindex until unique examples exist,Programmatic long-tail converter with near-duplicate template and weak demand.
https://codeconvert.net/matlab-to-cpp-converter,matlab-to-cpp-converter,Matlab To Cpp Converter,language_converter,Code,B,3,3,1,4,Noindex until unique examples exist,Programmatic long-tail converter with near-duplicate template and weak demand.
https://codeconvert.net/matlab-to-csharp-converter,matlab-to-csharp-converter,Matlab To Csharp Converter,language_converter,Code,B,3,3,1,4,Noindex until unique examples exist,Programmatic long-tail converter with near-duplicate template and weak demand.
https://codeconvert.net/matlab-to-go-converter,matlab-to-go-converter,Matlab To Go Converter,language_converter,Code,B,3,3,1,4,Noindex until unique examples exist,Programmatic long-tail converter with near-duplicate template and weak demand.
https://codeconvert.net/matlab-to-rust-converter,matlab-to-rust-converter,Matlab To Rust Converter,language_converter,Code,B,3,3,1,4,Noindex until unique examples exist,Programmatic long-tail converter with near-duplicate template and weak demand.
https://codeconvert.net/matlab-to-ruby-converter,matlab-to-ruby-converter,Matlab To Ruby Converter,language_converter,Code,B,3,3,1,4,Noindex until unique examples exist,Programmatic long-tail converter with near-duplicate template and weak demand.
https://codeconvert.net/matlab-to-php-converter,matlab-to-php-converter,Matlab To Php Converter,language_converter,Code,B,3,3,1,4,Noindex until unique examples exist,Programmatic long-tail converter with near-duplicate template and weak demand.
https://codeconvert.net/matlab-to-swift-converter,matlab-to-swift-converter,Matlab To Swift Converter,language_converter,Code,B,3,3,1,4,Noindex until unique examples exist,Programmatic long-tail converter with near-duplicate template and weak demand.
https://codeconvert.net/matlab-to-kotlin-converter,matlab-to-kotlin-converter,Matlab To Kotlin Converter,language_converter,Code,B,3,3,1,4,Noindex until unique examples exist,Programmatic long-tail converter with near-duplicate template and weak demand.
https://codeconvert.net/matlab-to-sql-converter,matlab-to-sql-converter,Matlab To Sql Converter,language_converter,Code,B,3,3,1,4,Noindex until unique examples exist,Programmatic long-tail converter with near-duplicate template and weak demand.
https://codeconvert.net/matlab-to-bash-converter,matlab-to-bash-converter,Matlab To Bash Converter,language_converter,Code,B,3,3,1,4,Noindex until unique examples exist,Programmatic long-tail converter with near-duplicate template and weak demand.
https://codeconvert.net/matlab-to-r-converter,matlab-to-r-converter,Matlab To R Converter,language_converter,Code,B,3,3,1,4,Noindex until unique examples exist,Programmatic long-tail converter with near-duplicate template and weak demand.
https://codeconvert.net/matlab-to-lua-converter,matlab-to-lua-converter,Matlab To Lua Converter,language_converter,Code,B,3,3,1,4,Noindex until unique examples exist,Programmatic long-tail converter with near-duplicate template and weak demand.
https://codeconvert.net/matlab-to-dart-converter,matlab-to-dart-converter,Matlab To Dart Converter,language_converter,Code,B,3,3,1,4,Noindex until unique examples exist,Programmatic long-tail converter with near-duplicate template and weak demand.
https://codeconvert.net/matlab-to-scala-converter,matlab-to-scala-converter,Matlab To Scala Converter,language_converter,Code,B,3,3,1,4,Noindex until unique examples exist,Programmatic long-tail converter with near-duplicate template and weak demand.
https://codeconvert.net/matlab-to-perl-converter,matlab-to-perl-converter,Matlab To Perl Converter,language_converter,Code,B,3,3,1,4,Noindex until unique examples exist,Programmatic long-tail converter with near-duplicate template and weak demand.
https://codeconvert.net/matlab-to-julia-converter,matlab-to-julia-converter,Matlab To Julia Converter,language_converter,Code,B,3,3,1,4,Noindex until unique examples exist,Programmatic long-tail converter with near-duplicate template and weak demand.
https://codeconvert.net/matlab-to-haskell-converter,matlab-to-haskell-converter,Matlab To Haskell Converter,language_converter,Code,B,3,3,1,4,Noindex until unique examples exist,Programmatic long-tail converter with near-duplicate template and weak demand.
https://codeconvert.net/matlab-to-elixir-converter,matlab-to-elixir-converter,Matlab To Elixir Converter,language_converter,Code,B,3,3,1,4,Noindex until unique examples exist,Programmatic long-tail converter with near-duplicate template and weak demand.
https://codeconvert.net/matlab-to-clojure-converter,matlab-to-clojure-converter,Matlab To Clojure Converter,language_converter,Code,B,3,3,1,4,Noindex until unique examples exist,Programmatic long-tail converter with near-duplicate template and weak demand.
https://codeconvert.net/matlab-to-cobol-converter,matlab-to-cobol-converter,Matlab To Cobol Converter,language_converter,Code,B,3,3,1,4,Noindex until unique examples exist,Programmatic long-tail converter with near-duplicate template and weak demand.
https://codeconvert.net/matlab-to-fortran-converter,matlab-to-fortran-converter,Matlab To Fortran Converter,language_converter,Code,B,3,3,1,4,Noindex until unique examples exist,Programmatic long-tail converter with near-duplicate template and weak demand.
https://codeconvert.net/matlab-to-pascal-converter,matlab-to-pascal-converter,Matlab To Pascal Converter,language_converter,Code,B,3,3,1,4,Noindex until unique examples exist,Programmatic long-tail converter with near-duplicate template and weak demand.
https://codeconvert.net/matlab-to-vbnet-converter,matlab-to-vbnet-converter,Matlab To Vbnet Converter,language_converter,Code,B,3,3,1,4,Noindex until unique examples exist,Programmatic long-tail converter with near-duplicate template and weak demand.
https://codeconvert.net/matlab-to-powershell-converter,matlab-to-powershell-converter,Matlab To Powershell Converter,language_converter,Code,B,3,3,1,4,Noindex until unique examples exist,Programmatic long-tail converter with near-duplicate template and weak demand.
https://codeconvert.net/matlab-to-objective-c-converter,matlab-to-objective-c-converter,Matlab To Objective C Converter,language_converter,Code,B,3,3,1,4,Noindex until unique examples exist,Programmatic long-tail converter with near-duplicate template and weak demand.
https://codeconvert.net/matlab-to-assembly-converter,matlab-to-assembly-converter,Matlab To Assembly Converter,language_converter,Code,B,3,3,1,4,Noindex until unique examples exist,Programmatic long-tail converter with near-duplicate template and weak demand.
https://codeconvert.net/julia-to-javascript-converter,julia-to-javascript-converter,Julia To Javascript Converter,language_converter,Code,B,3,3,1,4,Noindex until unique examples exist,Programmatic long-tail converter with near-duplicate template and weak demand.
https://codeconvert.net/julia-to-python-converter,julia-to-python-converter,Julia To Python Converter,language_converter,Code,B,3,3,1,4,Noindex until unique examples exist,Programmatic long-tail converter with near-duplicate template and weak demand.
https://codeconvert.net/julia-to-typescript-converter,julia-to-typescript-converter,Julia To Typescript Converter,language_converter,Code,B,3,3,1,4,Noindex until unique examples exist,Programmatic long-tail converter with near-duplicate template and weak demand.
https://codeconvert.net/julia-to-java-converter,julia-to-java-converter,Julia To Java Converter,language_converter,Code,B,3,3,1,4,Noindex until unique examples exist,Programmatic long-tail converter with near-duplicate template and weak demand.
https://codeconvert.net/julia-to-cpp-converter,julia-to-cpp-converter,Julia To Cpp Converter,language_converter,Code,B,3,3,1,4,Noindex until unique examples exist,Programmatic long-tail converter with near-duplicate template and weak demand.
https://codeconvert.net/julia-to-csharp-converter,julia-to-csharp-converter,Julia To Csharp Converter,language_converter,Code,B,3,3,1,4,Noindex until unique examples exist,Programmatic long-tail converter with near-duplicate template and weak demand.
https://codeconvert.net/julia-to-go-converter,julia-to-go-converter,Julia To Go Converter,language_converter,Code,B,3,3,1,4,Noindex until unique examples exist,Programmatic long-tail converter with near-duplicate template and weak demand.
https://codeconvert.net/julia-to-rust-converter,julia-to-rust-converter,Julia To Rust Converter,language_converter,Code,B,3,3,1,4,Noindex until unique examples exist,Programmatic long-tail converter with near-duplicate template and weak demand.
https://codeconvert.net/julia-to-ruby-converter,julia-to-ruby-converter,Julia To Ruby Converter,language_converter,Code,B,3,3,1,4,Noindex until unique examples exist,Programmatic long-tail converter with near-duplicate template and weak demand.
https://codeconvert.net/julia-to-php-converter,julia-to-php-converter,Julia To Php Converter,language_converter,Code,B,3,3,1,4,Noindex until unique examples exist,Programmatic long-tail converter with near-duplicate template and weak demand.
https://codeconvert.net/julia-to-swift-converter,julia-to-swift-converter,Julia To Swift Converter,language_converter,Code,B,3,3,1,4,Noindex until unique examples exist,Programmatic long-tail converter with near-duplicate template and weak demand.
https://codeconvert.net/julia-to-kotlin-converter,julia-to-kotlin-converter,Julia To Kotlin Converter,language_converter,Code,B,3,3,1,4,Noindex until unique examples exist,Programmatic long-tail converter with near-duplicate template and weak demand.
https://codeconvert.net/julia-to-sql-converter,julia-to-sql-converter,Julia To Sql Converter,language_converter,Code,B,3,3,1,4,Noindex until unique examples exist,Programmatic long-tail converter with near-duplicate template and weak demand.
https://codeconvert.net/julia-to-bash-converter,julia-to-bash-converter,Julia To Bash Converter,language_converter,Code,B,3,3,1,4,Noindex until unique examples exist,Programmatic long-tail converter with near-duplicate template and weak demand.
https://codeconvert.net/julia-to-r-converter,julia-to-r-converter,Julia To R Converter,language_converter,Code,B,3,3,1,4,Noindex until unique examples exist,Programmatic long-tail converter with near-duplicate template and weak demand.
https://codeconvert.net/julia-to-lua-converter,julia-to-lua-converter,Julia To Lua Converter,language_converter,Code,B,3,3,1,4,Noindex until unique examples exist,Programmatic long-tail converter with near-duplicate template and weak demand.
https://codeconvert.net/julia-to-dart-converter,julia-to-dart-converter,Julia To Dart Converter,language_converter,Code,B,3,3,1,4,Noindex until unique examples exist,Programmatic long-tail converter with near-duplicate template and weak demand.
https://codeconvert.net/julia-to-scala-converter,julia-to-scala-converter,Julia To Scala Converter,language_converter,Code,B,3,3,1,4,Noindex until unique examples exist,Programmatic long-tail converter with near-duplicate template and weak demand.
https://codeconvert.net/julia-to-perl-converter,julia-to-perl-converter,Julia To Perl Converter,language_converter,Code,B,3,3,1,4,Noindex until unique examples exist,Programmatic long-tail converter with near-duplicate template and weak demand.
https://codeconvert.net/julia-to-matlab-converter,julia-to-matlab-converter,Julia To Matlab Converter,language_converter,Code,B,3,3,1,4,Noindex until unique examples exist,Programmatic long-tail converter with near-duplicate template and weak demand.
https://codeconvert.net/julia-to-haskell-converter,julia-to-haskell-converter,Julia To Haskell Converter,language_converter,Code,B,3,3,1,4,Noindex until unique examples exist,Programmatic long-tail converter with near-duplicate template and weak demand.
https://codeconvert.net/julia-to-elixir-converter,julia-to-elixir-converter,Julia To Elixir Converter,language_converter,Code,B,3,3,1,4,Noindex until unique examples exist,Programmatic long-tail converter with near-duplicate template and weak demand.
https://codeconvert.net/julia-to-clojure-converter,julia-to-clojure-converter,Julia To Clojure Converter,language_converter,Code,B,3,3,1,4,Noindex until unique examples exist,Programmatic long-tail converter with near-duplicate template and weak demand.
https://codeconvert.net/julia-to-cobol-converter,julia-to-cobol-converter,Julia To Cobol Converter,language_converter,Code,B,3,3,1,4,Noindex until unique examples exist,Programmatic long-tail converter with near-duplicate template and weak demand.
https://codeconvert.net/julia-to-fortran-converter,julia-to-fortran-converter,Julia To Fortran Converter,language_converter,Code,B,3,3,1,4,Noindex until unique examples exist,Programmatic long-tail converter with near-duplicate template and weak demand.
https://codeconvert.net/julia-to-pascal-converter,julia-to-pascal-converter,Julia To Pascal Converter,language_converter,Code,B,3,3,1,4,Noindex until unique examples exist,Programmatic long-tail converter with near-duplicate template and weak demand.
https://codeconvert.net/julia-to-vbnet-converter,julia-to-vbnet-converter,Julia To Vbnet Converter,language_converter,Code,B,3,3,1,4,Noindex until unique examples exist,Programmatic long-tail converter with near-duplicate template and weak demand.
https://codeconvert.net/julia-to-powershell-converter,julia-to-powershell-converter,Julia To Powershell Converter,language_converter,Code,B,3,3,1,4,Noindex until unique examples exist,Programmatic long-tail converter with near-duplicate template and weak demand.
https://codeconvert.net/julia-to-objective-c-converter,julia-to-objective-c-converter,Julia To Objective C Converter,language_converter,Code,B,3,3,1,4,Noindex until unique examples exist,Programmatic long-tail converter with near-duplicate template and weak demand.
https://codeconvert.net/julia-to-assembly-converter,julia-to-assembly-converter,Julia To Assembly Converter,language_converter,Code,B,3,3,1,4,Noindex until unique examples exist,Programmatic long-tail converter with near-duplicate template and weak demand.
https://codeconvert.net/haskell-to-javascript-converter,haskell-to-javascript-converter,Haskell To Javascript Converter,language_converter,Code,B,3,3,1,4,Noindex until unique examples exist,Programmatic long-tail converter with near-duplicate template and weak demand.
https://codeconvert.net/haskell-to-python-converter,haskell-to-python-converter,Haskell To Python Converter,language_converter,Code,B,3,3,1,4,Noindex until unique examples exist,Programmatic long-tail converter with near-duplicate template and weak demand.
https://codeconvert.net/haskell-to-typescript-converter,haskell-to-typescript-converter,Haskell To Typescript Converter,language_converter,Code,B,3,3,1,4,Noindex until unique examples exist,Programmatic long-tail converter with near-duplicate template and weak demand.
https://codeconvert.net/haskell-to-java-converter,haskell-to-java-converter,Haskell To Java Converter,language_converter,Code,B,3,3,1,4,Noindex until unique examples exist,Programmatic long-tail converter with near-duplicate template and weak demand.
https://codeconvert.net/haskell-to-cpp-converter,haskell-to-cpp-converter,Haskell To Cpp Converter,language_converter,Code,B,3,3,1,4,Noindex until unique examples exist,Programmatic long-tail converter with near-duplicate template and weak demand.
https://codeconvert.net/haskell-to-csharp-converter,haskell-to-csharp-converter,Haskell To Csharp Converter,language_converter,Code,B,3,3,1,4,Noindex until unique examples exist,Programmatic long-tail converter with near-duplicate template and weak demand.
https://codeconvert.net/haskell-to-go-converter,haskell-to-go-converter,Haskell To Go Converter,language_converter,Code,B,3,3,1,4,Noindex until unique examples exist,Programmatic long-tail converter with near-duplicate template and weak demand.
https://codeconvert.net/haskell-to-rust-converter,haskell-to-rust-converter,Haskell To Rust Converter,language_converter,Code,B,3,3,1,4,Noindex until unique examples exist,Programmatic long-tail converter with near-duplicate template and weak demand.
https://codeconvert.net/haskell-to-ruby-converter,haskell-to-ruby-converter,Haskell To Ruby Converter,language_converter,Code,B,3,3,1,4,Noindex until unique examples exist,Programmatic long-tail converter with near-duplicate template and weak demand.
https://codeconvert.net/haskell-to-php-converter,haskell-to-php-converter,Haskell To Php Converter,language_converter,Code,B,3,3,1,4,Noindex until unique examples exist,Programmatic long-tail converter with near-duplicate template and weak demand.
https://codeconvert.net/haskell-to-swift-converter,haskell-to-swift-converter,Haskell To Swift Converter,language_converter,Code,B,3,3,1,4,Noindex until unique examples exist,Programmatic long-tail converter with near-duplicate template and weak demand.
https://codeconvert.net/haskell-to-kotlin-converter,haskell-to-kotlin-converter,Haskell To Kotlin Converter,language_converter,Code,B,3,3,1,4,Noindex until unique examples exist,Programmatic long-tail converter with near-duplicate template and weak demand.
https://codeconvert.net/haskell-to-sql-converter,haskell-to-sql-converter,Haskell To Sql Converter,language_converter,Code,B,3,3,1,4,Noindex until unique examples exist,Programmatic long-tail converter with near-duplicate template and weak demand.
https://codeconvert.net/haskell-to-bash-converter,haskell-to-bash-converter,Haskell To Bash Converter,language_converter,Code,B,3,3,1,4,Noindex until unique examples exist,Programmatic long-tail converter with near-duplicate template and weak demand.
https://codeconvert.net/haskell-to-r-converter,haskell-to-r-converter,Haskell To R Converter,language_converter,Code,B,3,3,1,4,Noindex until unique examples exist,Programmatic long-tail converter with near-duplicate template and weak demand.
https://codeconvert.net/haskell-to-lua-converter,haskell-to-lua-converter,Haskell To Lua Converter,language_converter,Code,B,3,3,1,4,Noindex until unique examples exist,Programmatic long-tail converter with near-duplicate template and weak demand.
https://codeconvert.net/haskell-to-dart-converter,haskell-to-dart-converter,Haskell To Dart Converter,language_converter,Code,B,3,3,1,4,Noindex until unique examples exist,Programmatic long-tail converter with near-duplicate template and weak demand.
https://codeconvert.net/haskell-to-scala-converter,haskell-to-scala-converter,Haskell To Scala Converter,language_converter,Code,B,3,3,1,4,Noindex until unique examples exist,Programmatic long-tail converter with near-duplicate template and weak demand.
https://codeconvert.net/haskell-to-perl-converter,haskell-to-perl-converter,Haskell To Perl Converter,language_converter,Code,B,3,3,1,4,Noindex until unique examples exist,Programmatic long-tail converter with near-duplicate template and weak demand.
https://codeconvert.net/haskell-to-matlab-converter,haskell-to-matlab-converter,Haskell To Matlab Converter,language_converter,Code,B,3,3,1,4,Noindex until unique examples exist,Programmatic long-tail converter with near-duplicate template and weak demand.
https://codeconvert.net/haskell-to-julia-converter,haskell-to-julia-converter,Haskell To Julia Converter,language_converter,Code,B,3,3,1,4,Noindex until unique examples exist,Programmatic long-tail converter with near-duplicate template and weak demand.
https://codeconvert.net/haskell-to-elixir-converter,haskell-to-elixir-converter,Haskell To Elixir Converter,language_converter,Code,B,3,3,1,4,Noindex until unique examples exist,Programmatic long-tail converter with near-duplicate template and weak demand.
https://codeconvert.net/haskell-to-clojure-converter,haskell-to-clojure-converter,Haskell To Clojure Converter,language_converter,Code,B,3,3,1,4,Noindex until unique examples exist,Programmatic long-tail converter with near-duplicate template and weak demand.
https://codeconvert.net/haskell-to-cobol-converter,haskell-to-cobol-converter,Haskell To Cobol Converter,language_converter,Code,B,3,3,1,4,Noindex until unique examples exist,Programmatic long-tail converter with near-duplicate template and weak demand.
https://codeconvert.net/haskell-to-fortran-converter,haskell-to-fortran-converter,Haskell To Fortran Converter,language_converter,Code,B,3,3,1,4,Noindex until unique examples exist,Programmatic long-tail converter with near-duplicate template and weak demand.
https://codeconvert.net/haskell-to-pascal-converter,haskell-to-pascal-converter,Haskell To Pascal Converter,language_converter,Code,B,3,3,1,4,Noindex until unique examples exist,Programmatic long-tail converter with near-duplicate template and weak demand.
https://codeconvert.net/haskell-to-vbnet-converter,haskell-to-vbnet-converter,Haskell To Vbnet Converter,language_converter,Code,B,3,3,1,4,Noindex until unique examples exist,Programmatic long-tail converter with near-duplicate template and weak demand.
https://codeconvert.net/haskell-to-powershell-converter,haskell-to-powershell-converter,Haskell To Powershell Converter,language_converter,Code,B,3,3,1,4,Noindex until unique examples exist,Programmatic long-tail converter with near-duplicate template and weak demand.
https://codeconvert.net/haskell-to-objective-c-converter,haskell-to-objective-c-converter,Haskell To Objective C Converter,language_converter,Code,B,3,3,1,4,Noindex until unique examples exist,Programmatic long-tail converter with near-duplicate template and weak demand.
https://codeconvert.net/haskell-to-assembly-converter,haskell-to-assembly-converter,Haskell To Assembly Converter,language_converter,Code,B,3,3,1,4,Noindex until unique examples exist,Programmatic long-tail converter with near-duplicate template and weak demand.
https://codeconvert.net/elixir-to-javascript-converter,elixir-to-javascript-converter,Elixir To Javascript Converter,language_converter,Code,B,3,3,1,4,Noindex until unique examples exist,Programmatic long-tail converter with near-duplicate template and weak demand.
https://codeconvert.net/elixir-to-python-converter,elixir-to-python-converter,Elixir To Python Converter,language_converter,Code,B,3,3,1,4,Noindex until unique examples exist,Programmatic long-tail converter with near-duplicate template and weak demand.
https://codeconvert.net/elixir-to-typescript-converter,elixir-to-typescript-converter,Elixir To Typescript Converter,language_converter,Code,B,3,3,1,4,Noindex until unique examples exist,Programmatic long-tail converter with near-duplicate template and weak demand.
https://codeconvert.net/elixir-to-java-converter,elixir-to-java-converter,Elixir To Java Converter,language_converter,Code,B,3,3,1,4,Noindex until unique examples exist,Programmatic long-tail converter with near-duplicate template and weak demand.
https://codeconvert.net/elixir-to-cpp-converter,elixir-to-cpp-converter,Elixir To Cpp Converter,language_converter,Code,B,3,3,1,4,Noindex until unique examples exist,Programmatic long-tail converter with near-duplicate template and weak demand.
https://codeconvert.net/elixir-to-csharp-converter,elixir-to-csharp-converter,Elixir To Csharp Converter,language_converter,Code,B,3,3,1,4,Noindex until unique examples exist,Programmatic long-tail converter with near-duplicate template and weak demand.
https://codeconvert.net/elixir-to-go-converter,elixir-to-go-converter,Elixir To Go Converter,language_converter,Code,B,3,3,1,4,Noindex until unique examples exist,Programmatic long-tail converter with near-duplicate template and weak demand.
https://codeconvert.net/elixir-to-rust-converter,elixir-to-rust-converter,Elixir To Rust Converter,language_converter,Code,B,3,3,1,4,Noindex until unique examples exist,Programmatic long-tail converter with near-duplicate template and weak demand.
https://codeconvert.net/elixir-to-ruby-converter,elixir-to-ruby-converter,Elixir To Ruby Converter,language_converter,Code,B,3,3,1,4,Noindex until unique examples exist,Programmatic long-tail converter with near-duplicate template and weak demand.
https://codeconvert.net/elixir-to-php-converter,elixir-to-php-converter,Elixir To Php Converter,language_converter,Code,B,3,3,1,4,Noindex until unique examples exist,Programmatic long-tail converter with near-duplicate template and weak demand.
https://codeconvert.net/elixir-to-swift-converter,elixir-to-swift-converter,Elixir To Swift Converter,language_converter,Code,B,3,3,1,4,Noindex until unique examples exist,Programmatic long-tail converter with near-duplicate template and weak demand.
https://codeconvert.net/elixir-to-kotlin-converter,elixir-to-kotlin-converter,Elixir To Kotlin Converter,language_converter,Code,B,3,3,1,4,Noindex until unique examples exist,Programmatic long-tail converter with near-duplicate template and weak demand.
https://codeconvert.net/elixir-to-sql-converter,elixir-to-sql-converter,Elixir To Sql Converter,language_converter,Code,B,3,3,1,4,Noindex until unique examples exist,Programmatic long-tail converter with near-duplicate template and weak demand.
https://codeconvert.net/elixir-to-bash-converter,elixir-to-bash-converter,Elixir To Bash Converter,language_converter,Code,B,3,3,1,4,Noindex until unique examples exist,Programmatic long-tail converter with near-duplicate template and weak demand.
https://codeconvert.net/elixir-to-r-converter,elixir-to-r-converter,Elixir To R Converter,language_converter,Code,B,3,3,1,4,Noindex until unique examples exist,Programmatic long-tail converter with near-duplicate template and weak demand.
https://codeconvert.net/elixir-to-lua-converter,elixir-to-lua-converter,Elixir To Lua Converter,language_converter,Code,B,3,3,1,4,Noindex until unique examples exist,Programmatic long-tail converter with near-duplicate template and weak demand.
https://codeconvert.net/elixir-to-dart-converter,elixir-to-dart-converter,Elixir To Dart Converter,language_converter,Code,B,3,3,1,4,Noindex until unique examples exist,Programmatic long-tail converter with near-duplicate template and weak demand.
https://codeconvert.net/elixir-to-scala-converter,elixir-to-scala-converter,Elixir To Scala Converter,language_converter,Code,B,3,3,1,4,Noindex until unique examples exist,Programmatic long-tail converter with near-duplicate template and weak demand.
https://codeconvert.net/elixir-to-perl-converter,elixir-to-perl-converter,Elixir To Perl Converter,language_converter,Code,B,3,3,1,4,Noindex until unique examples exist,Programmatic long-tail converter with near-duplicate template and weak demand.
https://codeconvert.net/elixir-to-matlab-converter,elixir-to-matlab-converter,Elixir To Matlab Converter,language_converter,Code,B,3,3,1,4,Noindex until unique examples exist,Programmatic long-tail converter with near-duplicate template and weak demand.
https://codeconvert.net/elixir-to-julia-converter,elixir-to-julia-converter,Elixir To Julia Converter,language_converter,Code,B,3,3,1,4,Noindex until unique examples exist,Programmatic long-tail converter with near-duplicate template and weak demand.
https://codeconvert.net/elixir-to-haskell-converter,elixir-to-haskell-converter,Elixir To Haskell Converter,language_converter,Code,B,3,3,1,4,Noindex until unique examples exist,Programmatic long-tail converter with near-duplicate template and weak demand.
https://codeconvert.net/elixir-to-clojure-converter,elixir-to-clojure-converter,Elixir To Clojure Converter,language_converter,Code,B,3,3,1,4,Noindex until unique examples exist,Programmatic long-tail converter with near-duplicate template and weak demand.
https://codeconvert.net/elixir-to-cobol-converter,elixir-to-cobol-converter,Elixir To Cobol Converter,language_converter,Code,B,3,3,1,4,Noindex until unique examples exist,Programmatic long-tail converter with near-duplicate template and weak demand.
https://codeconvert.net/elixir-to-fortran-converter,elixir-to-fortran-converter,Elixir To Fortran Converter,language_converter,Code,B,3,3,1,4,Noindex until unique examples exist,Programmatic long-tail converter with near-duplicate template and weak demand.
https://codeconvert.net/elixir-to-pascal-converter,elixir-to-pascal-converter,Elixir To Pascal Converter,language_converter,Code,B,3,3,1,4,Noindex until unique examples exist,Programmatic long-tail converter with near-duplicate template and weak demand.
https://codeconvert.net/elixir-to-vbnet-converter,elixir-to-vbnet-converter,Elixir To Vbnet Converter,language_converter,Code,B,3,3,1,4,Noindex until unique examples exist,Programmatic long-tail converter with near-duplicate template and weak demand.
https://codeconvert.net/elixir-to-powershell-converter,elixir-to-powershell-converter,Elixir To Powershell Converter,language_converter,Code,B,3,3,1,4,Noindex until unique examples exist,Programmatic long-tail converter with near-duplicate template and weak demand.
https://codeconvert.net/elixir-to-objective-c-converter,elixir-to-objective-c-converter,Elixir To Objective C Converter,language_converter,Code,B,3,3,1,4,Noindex until unique examples exist,Programmatic long-tail converter with near-duplicate template and weak demand.
https://codeconvert.net/elixir-to-assembly-converter,elixir-to-assembly-converter,Elixir To Assembly Converter,language_converter,Code,B,3,3,1,4,Noindex until unique examples exist,Programmatic long-tail converter with near-duplicate template and weak demand.
https://codeconvert.net/clojure-to-javascript-converter,clojure-to-javascript-converter,Clojure To Javascript Converter,language_converter,Code,B,3,3,1,4,Noindex until unique examples exist,Programmatic long-tail converter with near-duplicate template and weak demand.
https://codeconvert.net/clojure-to-python-converter,clojure-to-python-converter,Clojure To Python Converter,language_converter,Code,B,3,3,1,4,Noindex until unique examples exist,Programmatic long-tail converter with near-duplicate template and weak demand.
https://codeconvert.net/clojure-to-typescript-converter,clojure-to-typescript-converter,Clojure To Typescript Converter,language_converter,Code,B,3,3,1,4,Noindex until unique examples exist,Programmatic long-tail converter with near-duplicate template and weak demand.
https://codeconvert.net/clojure-to-java-converter,clojure-to-java-converter,Clojure To Java Converter,language_converter,Code,B,3,3,1,4,Noindex until unique examples exist,Programmatic long-tail converter with near-duplicate template and weak demand.
https://codeconvert.net/clojure-to-cpp-converter,clojure-to-cpp-converter,Clojure To Cpp Converter,language_converter,Code,B,3,3,1,4,Noindex until unique examples exist,Programmatic long-tail converter with near-duplicate template and weak demand.
https://codeconvert.net/clojure-to-csharp-converter,clojure-to-csharp-converter,Clojure To Csharp Converter,language_converter,Code,B,3,3,1,4,Noindex until unique examples exist,Programmatic long-tail converter with near-duplicate template and weak demand.
https://codeconvert.net/clojure-to-go-converter,clojure-to-go-converter,Clojure To Go Converter,language_converter,Code,B,3,3,1,4,Noindex until unique examples exist,Programmatic long-tail converter with near-duplicate template and weak demand.
https://codeconvert.net/clojure-to-rust-converter,clojure-to-rust-converter,Clojure To Rust Converter,language_converter,Code,B,3,3,1,4,Noindex until unique examples exist,Programmatic long-tail converter with near-duplicate template and weak demand.
https://codeconvert.net/clojure-to-ruby-converter,clojure-to-ruby-converter,Clojure To Ruby Converter,language_converter,Code,B,3,3,1,4,Noindex until unique examples exist,Programmatic long-tail converter with near-duplicate template and weak demand.
https://codeconvert.net/clojure-to-php-converter,clojure-to-php-converter,Clojure To Php Converter,language_converter,Code,B,3,3,1,4,Noindex until unique examples exist,Programmatic long-tail converter with near-duplicate template and weak demand.
https://codeconvert.net/clojure-to-swift-converter,clojure-to-swift-converter,Clojure To Swift Converter,language_converter,Code,B,3,3,1,4,Noindex until unique examples exist,Programmatic long-tail converter with near-duplicate template and weak demand.
https://codeconvert.net/clojure-to-kotlin-converter,clojure-to-kotlin-converter,Clojure To Kotlin Converter,language_converter,Code,B,3,3,1,4,Noindex until unique examples exist,Programmatic long-tail converter with near-duplicate template and weak demand.
https://codeconvert.net/clojure-to-sql-converter,clojure-to-sql-converter,Clojure To Sql Converter,language_converter,Code,B,3,3,1,4,Noindex until unique examples exist,Programmatic long-tail converter with near-duplicate template and weak demand.
https://codeconvert.net/clojure-to-bash-converter,clojure-to-bash-converter,Clojure To Bash Converter,language_converter,Code,B,3,3,1,4,Noindex until unique examples exist,Programmatic long-tail converter with near-duplicate template and weak demand.
https://codeconvert.net/clojure-to-r-converter,clojure-to-r-converter,Clojure To R Converter,language_converter,Code,B,3,3,1,4,Noindex until unique examples exist,Programmatic long-tail converter with near-duplicate template and weak demand.
https://codeconvert.net/clojure-to-lua-converter,clojure-to-lua-converter,Clojure To Lua Converter,language_converter,Code,B,3,3,1,4,Noindex until unique examples exist,Programmatic long-tail converter with near-duplicate template and weak demand.
https://codeconvert.net/clojure-to-dart-converter,clojure-to-dart-converter,Clojure To Dart Converter,language_converter,Code,B,3,3,1,4,Noindex until unique examples exist,Programmatic long-tail converter with near-duplicate template and weak demand.
https://codeconvert.net/clojure-to-scala-converter,clojure-to-scala-converter,Clojure To Scala Converter,language_converter,Code,B,3,3,1,4,Noindex until unique examples exist,Programmatic long-tail converter with near-duplicate template and weak demand.
https://codeconvert.net/clojure-to-perl-converter,clojure-to-perl-converter,Clojure To Perl Converter,language_converter,Code,B,3,3,1,4,Noindex until unique examples exist,Programmatic long-tail converter with near-duplicate template and weak demand.
https://codeconvert.net/clojure-to-matlab-converter,clojure-to-matlab-converter,Clojure To Matlab Converter,language_converter,Code,B,3,3,1,4,Noindex until unique examples exist,Programmatic long-tail converter with near-duplicate template and weak demand.
https://codeconvert.net/clojure-to-julia-converter,clojure-to-julia-converter,Clojure To Julia Converter,language_converter,Code,B,3,3,1,4,Noindex until unique examples exist,Programmatic long-tail converter with near-duplicate template and weak demand.
https://codeconvert.net/clojure-to-haskell-converter,clojure-to-haskell-converter,Clojure To Haskell Converter,language_converter,Code,B,3,3,1,4,Noindex until unique examples exist,Programmatic long-tail converter with near-duplicate template and weak demand.
https://codeconvert.net/clojure-to-elixir-converter,clojure-to-elixir-converter,Clojure To Elixir Converter,language_converter,Code,B,3,3,1,4,Noindex until unique examples exist,Programmatic long-tail converter with near-duplicate template and weak demand.
https://codeconvert.net/clojure-to-cobol-converter,clojure-to-cobol-converter,Clojure To Cobol Converter,language_converter,Code,B,3,3,1,4,Noindex until unique examples exist,Programmatic long-tail converter with near-duplicate template and weak demand.
https://codeconvert.net/clojure-to-fortran-converter,clojure-to-fortran-converter,Clojure To Fortran Converter,language_converter,Code,B,3,3,1,4,Noindex until unique examples exist,Programmatic long-tail converter with near-duplicate template and weak demand.
https://codeconvert.net/clojure-to-pascal-converter,clojure-to-pascal-converter,Clojure To Pascal Converter,language_converter,Code,B,3,3,1,4,Noindex until unique examples exist,Programmatic long-tail converter with near-duplicate template and weak demand.
https://codeconvert.net/clojure-to-vbnet-converter,clojure-to-vbnet-converter,Clojure To Vbnet Converter,language_converter,Code,B,3,3,1,4,Noindex until unique examples exist,Programmatic long-tail converter with near-duplicate template and weak demand.
https://codeconvert.net/clojure-to-powershell-converter,clojure-to-powershell-converter,Clojure To Powershell Converter,language_converter,Code,B,3,3,1,4,Noindex until unique examples exist,Programmatic long-tail converter with near-duplicate template and weak demand.
https://codeconvert.net/clojure-to-objective-c-converter,clojure-to-objective-c-converter,Clojure To Objective C Converter,language_converter,Code,B,3,3,1,4,Noindex until unique examples exist,Programmatic long-tail converter with near-duplicate template and weak demand.
https://codeconvert.net/clojure-to-assembly-converter,clojure-to-assembly-converter,Clojure To Assembly Converter,language_converter,Code,B,3,3,1,4,Noindex until unique examples exist,Programmatic long-tail converter with near-duplicate template and weak demand.
https://codeconvert.net/cobol-to-javascript-converter,cobol-to-javascript-converter,Cobol To Javascript Converter,language_converter,Code,B,3,3,1,4,Noindex until unique examples exist,Programmatic long-tail converter with near-duplicate template and weak demand.
https://codeconvert.net/cobol-to-python-converter,cobol-to-python-converter,Cobol To Python Converter,language_converter,Code,B,3,3,1,4,Noindex until unique examples exist,Programmatic long-tail converter with near-duplicate template and weak demand.
https://codeconvert.net/cobol-to-typescript-converter,cobol-to-typescript-converter,Cobol To Typescript Converter,language_converter,Code,B,3,3,1,4,Noindex until unique examples exist,Programmatic long-tail converter with near-duplicate template and weak demand.
https://codeconvert.net/cobol-to-java-converter,cobol-to-java-converter,Cobol To Java Converter,language_converter,Code,B,3,3,1,4,Noindex until unique examples exist,Programmatic long-tail converter with near-duplicate template and weak demand.
https://codeconvert.net/cobol-to-cpp-converter,cobol-to-cpp-converter,Cobol To Cpp Converter,language_converter,Code,B,3,3,1,4,Noindex until unique examples exist,Programmatic long-tail converter with near-duplicate template and weak demand.
https://codeconvert.net/cobol-to-csharp-converter,cobol-to-csharp-converter,Cobol To Csharp Converter,language_converter,Code,B,3,3,1,4,Noindex until unique examples exist,Programmatic long-tail converter with near-duplicate template and weak demand.
https://codeconvert.net/cobol-to-go-converter,cobol-to-go-converter,Cobol To Go Converter,language_converter,Code,B,3,3,1,4,Noindex until unique examples exist,Programmatic long-tail converter with near-duplicate template and weak demand.
https://codeconvert.net/cobol-to-rust-converter,cobol-to-rust-converter,Cobol To Rust Converter,language_converter,Code,B,3,3,1,4,Noindex until unique examples exist,Programmatic long-tail converter with near-duplicate template and weak demand.
https://codeconvert.net/cobol-to-ruby-converter,cobol-to-ruby-converter,Cobol To Ruby Converter,language_converter,Code,B,3,3,1,4,Noindex until unique examples exist,Programmatic long-tail converter with near-duplicate template and weak demand.
https://codeconvert.net/cobol-to-php-converter,cobol-to-php-converter,Cobol To Php Converter,language_converter,Code,B,3,3,1,4,Noindex until unique examples exist,Programmatic long-tail converter with near-duplicate template and weak demand.
https://codeconvert.net/cobol-to-swift-converter,cobol-to-swift-converter,Cobol To Swift Converter,language_converter,Code,B,3,3,1,4,Noindex until unique examples exist,Programmatic long-tail converter with near-duplicate template and weak demand.
https://codeconvert.net/cobol-to-kotlin-converter,cobol-to-kotlin-converter,Cobol To Kotlin Converter,language_converter,Code,B,3,3,1,4,Noindex until unique examples exist,Programmatic long-tail converter with near-duplicate template and weak demand.
https://codeconvert.net/cobol-to-sql-converter,cobol-to-sql-converter,Cobol To Sql Converter,language_converter,Code,B,3,3,1,4,Noindex until unique examples exist,Programmatic long-tail converter with near-duplicate template and weak demand.
https://codeconvert.net/cobol-to-bash-converter,cobol-to-bash-converter,Cobol To Bash Converter,language_converter,Code,B,3,3,1,4,Noindex until unique examples exist,Programmatic long-tail converter with near-duplicate template and weak demand.
https://codeconvert.net/cobol-to-r-converter,cobol-to-r-converter,Cobol To R Converter,language_converter,Code,B,3,3,1,4,Noindex until unique examples exist,Programmatic long-tail converter with near-duplicate template and weak demand.
https://codeconvert.net/cobol-to-lua-converter,cobol-to-lua-converter,Cobol To Lua Converter,language_converter,Code,B,3,3,1,4,Noindex until unique examples exist,Programmatic long-tail converter with near-duplicate template and weak demand.
https://codeconvert.net/cobol-to-dart-converter,cobol-to-dart-converter,Cobol To Dart Converter,language_converter,Code,B,3,3,1,4,Noindex until unique examples exist,Programmatic long-tail converter with near-duplicate template and weak demand.
https://codeconvert.net/cobol-to-scala-converter,cobol-to-scala-converter,Cobol To Scala Converter,language_converter,Code,B,3,3,1,4,Noindex until unique examples exist,Programmatic long-tail converter with near-duplicate template and weak demand.
https://codeconvert.net/cobol-to-perl-converter,cobol-to-perl-converter,Cobol To Perl Converter,language_converter,Code,B,3,3,1,4,Noindex until unique examples exist,Programmatic long-tail converter with near-duplicate template and weak demand.
https://codeconvert.net/cobol-to-matlab-converter,cobol-to-matlab-converter,Cobol To Matlab Converter,language_converter,Code,B,3,3,1,4,Noindex until unique examples exist,Programmatic long-tail converter with near-duplicate template and weak demand.
https://codeconvert.net/cobol-to-julia-converter,cobol-to-julia-converter,Cobol To Julia Converter,language_converter,Code,B,3,3,1,4,Noindex until unique examples exist,Programmatic long-tail converter with near-duplicate template and weak demand.
https://codeconvert.net/cobol-to-haskell-converter,cobol-to-haskell-converter,Cobol To Haskell Converter,language_converter,Code,B,3,3,1,4,Noindex until unique examples exist,Programmatic long-tail converter with near-duplicate template and weak demand.
https://codeconvert.net/cobol-to-elixir-converter,cobol-to-elixir-converter,Cobol To Elixir Converter,language_converter,Code,B,3,3,1,4,Noindex until unique examples exist,Programmatic long-tail converter with near-duplicate template and weak demand.
https://codeconvert.net/cobol-to-clojure-converter,cobol-to-clojure-converter,Cobol To Clojure Converter,language_converter,Code,B,3,3,1,4,Noindex until unique examples exist,Programmatic long-tail converter with near-duplicate template and weak demand.
https://codeconvert.net/cobol-to-fortran-converter,cobol-to-fortran-converter,Cobol To Fortran Converter,language_converter,Code,B,3,3,1,4,Noindex until unique examples exist,Programmatic long-tail converter with near-duplicate template and weak demand.
https://codeconvert.net/cobol-to-pascal-converter,cobol-to-pascal-converter,Cobol To Pascal Converter,language_converter,Code,B,3,3,1,4,Noindex until unique examples exist,Programmatic long-tail converter with near-duplicate template and weak demand.
https://codeconvert.net/cobol-to-vbnet-converter,cobol-to-vbnet-converter,Cobol To Vbnet Converter,language_converter,Code,B,3,3,1,4,Noindex until unique examples exist,Programmatic long-tail converter with near-duplicate template and weak demand.
https://codeconvert.net/cobol-to-powershell-converter,cobol-to-powershell-converter,Cobol To Powershell Converter,language_converter,Code,B,3,3,1,4,Noindex until unique examples exist,Programmatic long-tail converter with near-duplicate template and weak demand.
https://codeconvert.net/cobol-to-objective-c-converter,cobol-to-objective-c-converter,Cobol To Objective C Converter,language_converter,Code,B,3,3,1,4,Noindex until unique examples exist,Programmatic long-tail converter with near-duplicate template and weak demand.
https://codeconvert.net/cobol-to-assembly-converter,cobol-to-assembly-converter,Cobol To Assembly Converter,language_converter,Code,B,3,3,1,4,Noindex until unique examples exist,Programmatic long-tail converter with near-duplicate template and weak demand.
https://codeconvert.net/fortran-to-javascript-converter,fortran-to-javascript-converter,Fortran To Javascript Converter,language_converter,Code,B,3,3,1,4,Noindex until unique examples exist,Programmatic long-tail converter with near-duplicate template and weak demand.
https://codeconvert.net/fortran-to-python-converter,fortran-to-python-converter,Fortran To Python Converter,language_converter,Code,B,3,3,1,4,Noindex until unique examples exist,Programmatic long-tail converter with near-duplicate template and weak demand.
https://codeconvert.net/fortran-to-typescript-converter,fortran-to-typescript-converter,Fortran To Typescript Converter,language_converter,Code,B,3,3,1,4,Noindex until unique examples exist,Programmatic long-tail converter with near-duplicate template and weak demand.
https://codeconvert.net/fortran-to-java-converter,fortran-to-java-converter,Fortran To Java Converter,language_converter,Code,B,3,3,1,4,Noindex until unique examples exist,Programmatic long-tail converter with near-duplicate template and weak demand.
https://codeconvert.net/fortran-to-cpp-converter,fortran-to-cpp-converter,Fortran To Cpp Converter,language_converter,Code,B,3,3,1,4,Noindex until unique examples exist,Programmatic long-tail converter with near-duplicate template and weak demand.
https://codeconvert.net/fortran-to-csharp-converter,fortran-to-csharp-converter,Fortran To Csharp Converter,language_converter,Code,B,3,3,1,4,Noindex until unique examples exist,Programmatic long-tail converter with near-duplicate template and weak demand.
https://codeconvert.net/fortran-to-go-converter,fortran-to-go-converter,Fortran To Go Converter,language_converter,Code,B,3,3,1,4,Noindex until unique examples exist,Programmatic long-tail converter with near-duplicate template and weak demand.
https://codeconvert.net/fortran-to-rust-converter,fortran-to-rust-converter,Fortran To Rust Converter,language_converter,Code,B,3,3,1,4,Noindex until unique examples exist,Programmatic long-tail converter with near-duplicate template and weak demand.
https://codeconvert.net/fortran-to-ruby-converter,fortran-to-ruby-converter,Fortran To Ruby Converter,language_converter,Code,B,3,3,1,4,Noindex until unique examples exist,Programmatic long-tail converter with near-duplicate template and weak demand.
https://codeconvert.net/fortran-to-php-converter,fortran-to-php-converter,Fortran To Php Converter,language_converter,Code,B,3,3,1,4,Noindex until unique examples exist,Programmatic long-tail converter with near-duplicate template and weak demand.
https://codeconvert.net/fortran-to-swift-converter,fortran-to-swift-converter,Fortran To Swift Converter,language_converter,Code,B,3,3,1,4,Noindex until unique examples exist,Programmatic long-tail converter with near-duplicate template and weak demand.
https://codeconvert.net/fortran-to-kotlin-converter,fortran-to-kotlin-converter,Fortran To Kotlin Converter,language_converter,Code,B,3,3,1,4,Noindex until unique examples exist,Programmatic long-tail converter with near-duplicate template and weak demand.
https://codeconvert.net/fortran-to-sql-converter,fortran-to-sql-converter,Fortran To Sql Converter,language_converter,Code,B,3,3,1,4,Noindex until unique examples exist,Programmatic long-tail converter with near-duplicate template and weak demand.
https://codeconvert.net/fortran-to-bash-converter,fortran-to-bash-converter,Fortran To Bash Converter,language_converter,Code,B,3,3,1,4,Noindex until unique examples exist,Programmatic long-tail converter with near-duplicate template and weak demand.
https://codeconvert.net/fortran-to-r-converter,fortran-to-r-converter,Fortran To R Converter,language_converter,Code,B,3,3,1,4,Noindex until unique examples exist,Programmatic long-tail converter with near-duplicate template and weak demand.
https://codeconvert.net/fortran-to-lua-converter,fortran-to-lua-converter,Fortran To Lua Converter,language_converter,Code,B,3,3,1,4,Noindex until unique examples exist,Programmatic long-tail converter with near-duplicate template and weak demand.
https://codeconvert.net/fortran-to-dart-converter,fortran-to-dart-converter,Fortran To Dart Converter,language_converter,Code,B,3,3,1,4,Noindex until unique examples exist,Programmatic long-tail converter with near-duplicate template and weak demand.
https://codeconvert.net/fortran-to-scala-converter,fortran-to-scala-converter,Fortran To Scala Converter,language_converter,Code,B,3,3,1,4,Noindex until unique examples exist,Programmatic long-tail converter with near-duplicate template and weak demand.
https://codeconvert.net/fortran-to-perl-converter,fortran-to-perl-converter,Fortran To Perl Converter,language_converter,Code,B,3,3,1,4,Noindex until unique examples exist,Programmatic long-tail converter with near-duplicate template and weak demand.
https://codeconvert.net/fortran-to-matlab-converter,fortran-to-matlab-converter,Fortran To Matlab Converter,language_converter,Code,B,3,3,1,4,Noindex until unique examples exist,Programmatic long-tail converter with near-duplicate template and weak demand.
https://codeconvert.net/fortran-to-julia-converter,fortran-to-julia-converter,Fortran To Julia Converter,language_converter,Code,B,3,3,1,4,Noindex until unique examples exist,Programmatic long-tail converter with near-duplicate template and weak demand.
https://codeconvert.net/fortran-to-haskell-converter,fortran-to-haskell-converter,Fortran To Haskell Converter,language_converter,Code,B,3,3,1,4,Noindex until unique examples exist,Programmatic long-tail converter with near-duplicate template and weak demand.
https://codeconvert.net/fortran-to-elixir-converter,fortran-to-elixir-converter,Fortran To Elixir Converter,language_converter,Code,B,3,3,1,4,Noindex until unique examples exist,Programmatic long-tail converter with near-duplicate template and weak demand.
https://codeconvert.net/fortran-to-clojure-converter,fortran-to-clojure-converter,Fortran To Clojure Converter,language_converter,Code,B,3,3,1,4,Noindex until unique examples exist,Programmatic long-tail converter with near-duplicate template and weak demand.
https://codeconvert.net/fortran-to-cobol-converter,fortran-to-cobol-converter,Fortran To Cobol Converter,language_converter,Code,B,3,3,1,4,Noindex until unique examples exist,Programmatic long-tail converter with near-duplicate template and weak demand.
https://codeconvert.net/fortran-to-pascal-converter,fortran-to-pascal-converter,Fortran To Pascal Converter,language_converter,Code,B,3,3,1,4,Noindex until unique examples exist,Programmatic long-tail converter with near-duplicate template and weak demand.
https://codeconvert.net/fortran-to-vbnet-converter,fortran-to-vbnet-converter,Fortran To Vbnet Converter,language_converter,Code,B,3,3,1,4,Noindex until unique examples exist,Programmatic long-tail converter with near-duplicate template and weak demand.
https://codeconvert.net/fortran-to-powershell-converter,fortran-to-powershell-converter,Fortran To Powershell Converter,language_converter,Code,B,3,3,1,4,Noindex until unique examples exist,Programmatic long-tail converter with near-duplicate template and weak demand.
https://codeconvert.net/fortran-to-objective-c-converter,fortran-to-objective-c-converter,Fortran To Objective C Converter,language_converter,Code,B,3,3,1,4,Noindex until unique examples exist,Programmatic long-tail converter with near-duplicate template and weak demand.
https://codeconvert.net/fortran-to-assembly-converter,fortran-to-assembly-converter,Fortran To Assembly Converter,language_converter,Code,B,3,3,1,4,Noindex until unique examples exist,Programmatic long-tail converter with near-duplicate template and weak demand.
https://codeconvert.net/pascal-to-javascript-converter,pascal-to-javascript-converter,Pascal To Javascript Converter,language_converter,Code,B,3,3,1,4,Noindex until unique examples exist,Programmatic long-tail converter with near-duplicate template and weak demand.
https://codeconvert.net/pascal-to-python-converter,pascal-to-python-converter,Pascal To Python Converter,language_converter,Code,B,3,3,1,4,Noindex until unique examples exist,Programmatic long-tail converter with near-duplicate template and weak demand.
https://codeconvert.net/pascal-to-typescript-converter,pascal-to-typescript-converter,Pascal To Typescript Converter,language_converter,Code,B,3,3,1,4,Noindex until unique examples exist,Programmatic long-tail converter with near-duplicate template and weak demand.
https://codeconvert.net/pascal-to-java-converter,pascal-to-java-converter,Pascal To Java Converter,language_converter,Code,B,3,3,1,4,Noindex until unique examples exist,Programmatic long-tail converter with near-duplicate template and weak demand.
https://codeconvert.net/pascal-to-cpp-converter,pascal-to-cpp-converter,Pascal To Cpp Converter,language_converter,Code,B,3,3,1,4,Noindex until unique examples exist,Programmatic long-tail converter with near-duplicate template and weak demand.
https://codeconvert.net/pascal-to-csharp-converter,pascal-to-csharp-converter,Pascal To Csharp Converter,language_converter,Code,B,3,3,1,4,Noindex until unique examples exist,Programmatic long-tail converter with near-duplicate template and weak demand.
https://codeconvert.net/pascal-to-go-converter,pascal-to-go-converter,Pascal To Go Converter,language_converter,Code,B,3,3,1,4,Noindex until unique examples exist,Programmatic long-tail converter with near-duplicate template and weak demand.
https://codeconvert.net/pascal-to-rust-converter,pascal-to-rust-converter,Pascal To Rust Converter,language_converter,Code,B,3,3,1,4,Noindex until unique examples exist,Programmatic long-tail converter with near-duplicate template and weak demand.
https://codeconvert.net/pascal-to-ruby-converter,pascal-to-ruby-converter,Pascal To Ruby Converter,language_converter,Code,B,3,3,1,4,Noindex until unique examples exist,Programmatic long-tail converter with near-duplicate template and weak demand.
https://codeconvert.net/pascal-to-php-converter,pascal-to-php-converter,Pascal To Php Converter,language_converter,Code,B,3,3,1,4,Noindex until unique examples exist,Programmatic long-tail converter with near-duplicate template and weak demand.
https://codeconvert.net/pascal-to-swift-converter,pascal-to-swift-converter,Pascal To Swift Converter,language_converter,Code,B,3,3,1,4,Noindex until unique examples exist,Programmatic long-tail converter with near-duplicate template and weak demand.
https://codeconvert.net/pascal-to-kotlin-converter,pascal-to-kotlin-converter,Pascal To Kotlin Converter,language_converter,Code,B,3,3,1,4,Noindex until unique examples exist,Programmatic long-tail converter with near-duplicate template and weak demand.
https://codeconvert.net/pascal-to-sql-converter,pascal-to-sql-converter,Pascal To Sql Converter,language_converter,Code,B,3,3,1,4,Noindex until unique examples exist,Programmatic long-tail converter with near-duplicate template and weak demand.
https://codeconvert.net/pascal-to-bash-converter,pascal-to-bash-converter,Pascal To Bash Converter,language_converter,Code,B,3,3,1,4,Noindex until unique examples exist,Programmatic long-tail converter with near-duplicate template and weak demand.
https://codeconvert.net/pascal-to-r-converter,pascal-to-r-converter,Pascal To R Converter,language_converter,Code,B,3,3,1,4,Noindex until unique examples exist,Programmatic long-tail converter with near-duplicate template and weak demand.
https://codeconvert.net/pascal-to-lua-converter,pascal-to-lua-converter,Pascal To Lua Converter,language_converter,Code,B,3,3,1,4,Noindex until unique examples exist,Programmatic long-tail converter with near-duplicate template and weak demand.
https://codeconvert.net/pascal-to-dart-converter,pascal-to-dart-converter,Pascal To Dart Converter,language_converter,Code,B,3,3,1,4,Noindex until unique examples exist,Programmatic long-tail converter with near-duplicate template and weak demand.
https://codeconvert.net/pascal-to-scala-converter,pascal-to-scala-converter,Pascal To Scala Converter,language_converter,Code,B,3,3,1,4,Noindex until unique examples exist,Programmatic long-tail converter with near-duplicate template and weak demand.
https://codeconvert.net/pascal-to-perl-converter,pascal-to-perl-converter,Pascal To Perl Converter,language_converter,Code,B,3,3,1,4,Noindex until unique examples exist,Programmatic long-tail converter with near-duplicate template and weak demand.
https://codeconvert.net/pascal-to-matlab-converter,pascal-to-matlab-converter,Pascal To Matlab Converter,language_converter,Code,B,3,3,1,4,Noindex until unique examples exist,Programmatic long-tail converter with near-duplicate template and weak demand.
https://codeconvert.net/pascal-to-julia-converter,pascal-to-julia-converter,Pascal To Julia Converter,language_converter,Code,B,3,3,1,4,Noindex until unique examples exist,Programmatic long-tail converter with near-duplicate template and weak demand.
https://codeconvert.net/pascal-to-haskell-converter,pascal-to-haskell-converter,Pascal To Haskell Converter,language_converter,Code,B,3,3,1,4,Noindex until unique examples exist,Programmatic long-tail converter with near-duplicate template and weak demand.
https://codeconvert.net/pascal-to-elixir-converter,pascal-to-elixir-converter,Pascal To Elixir Converter,language_converter,Code,B,3,3,1,4,Noindex until unique examples exist,Programmatic long-tail converter with near-duplicate template and weak demand.
https://codeconvert.net/pascal-to-clojure-converter,pascal-to-clojure-converter,Pascal To Clojure Converter,language_converter,Code,B,3,3,1,4,Noindex until unique examples exist,Programmatic long-tail converter with near-duplicate template and weak demand.
https://codeconvert.net/pascal-to-cobol-converter,pascal-to-cobol-converter,Pascal To Cobol Converter,language_converter,Code,B,3,3,1,4,Noindex until unique examples exist,Programmatic long-tail converter with near-duplicate template and weak demand.
https://codeconvert.net/pascal-to-fortran-converter,pascal-to-fortran-converter,Pascal To Fortran Converter,language_converter,Code,B,3,3,1,4,Noindex until unique examples exist,Programmatic long-tail converter with near-duplicate template and weak demand.
https://codeconvert.net/pascal-to-vbnet-converter,pascal-to-vbnet-converter,Pascal To Vbnet Converter,language_converter,Code,B,3,3,1,4,Noindex until unique examples exist,Programmatic long-tail converter with near-duplicate template and weak demand.
https://codeconvert.net/pascal-to-powershell-converter,pascal-to-powershell-converter,Pascal To Powershell Converter,language_converter,Code,B,3,3,1,4,Noindex until unique examples exist,Programmatic long-tail converter with near-duplicate template and weak demand.
https://codeconvert.net/pascal-to-objective-c-converter,pascal-to-objective-c-converter,Pascal To Objective C Converter,language_converter,Code,B,3,3,1,4,Noindex until unique examples exist,Programmatic long-tail converter with near-duplicate template and weak demand.
https://codeconvert.net/pascal-to-assembly-converter,pascal-to-assembly-converter,Pascal To Assembly Converter,language_converter,Code,B,3,3,1,4,Noindex until unique examples exist,Programmatic long-tail converter with near-duplicate template and weak demand.
https://codeconvert.net/vbnet-to-javascript-converter,vbnet-to-javascript-converter,Vbnet To Javascript Converter,language_converter,Code,B,3,3,1,4,Noindex until unique examples exist,Programmatic long-tail converter with near-duplicate template and weak demand.
https://codeconvert.net/vbnet-to-python-converter,vbnet-to-python-converter,Vbnet To Python Converter,language_converter,Code,B,3,3,1,4,Noindex until unique examples exist,Programmatic long-tail converter with near-duplicate template and weak demand.
https://codeconvert.net/vbnet-to-typescript-converter,vbnet-to-typescript-converter,Vbnet To Typescript Converter,language_converter,Code,B,3,3,1,4,Noindex until unique examples exist,Programmatic long-tail converter with near-duplicate template and weak demand.
https://codeconvert.net/vbnet-to-java-converter,vbnet-to-java-converter,Vbnet To Java Converter,language_converter,Code,B,3,3,1,4,Noindex until unique examples exist,Programmatic long-tail converter with near-duplicate template and weak demand.
https://codeconvert.net/vbnet-to-cpp-converter,vbnet-to-cpp-converter,Vbnet To Cpp Converter,language_converter,Code,B,3,3,1,4,Noindex until unique examples exist,Programmatic long-tail converter with near-duplicate template and weak demand.
https://codeconvert.net/vbnet-to-csharp-converter,vbnet-to-csharp-converter,Vbnet To Csharp Converter,language_converter,Code,B,3,3,1,4,Noindex until unique examples exist,Programmatic long-tail converter with near-duplicate template and weak demand.
https://codeconvert.net/vbnet-to-go-converter,vbnet-to-go-converter,Vbnet To Go Converter,language_converter,Code,B,3,3,1,4,Noindex until unique examples exist,Programmatic long-tail converter with near-duplicate template and weak demand.
https://codeconvert.net/vbnet-to-rust-converter,vbnet-to-rust-converter,Vbnet To Rust Converter,language_converter,Code,B,3,3,1,4,Noindex until unique examples exist,Programmatic long-tail converter with near-duplicate template and weak demand.
https://codeconvert.net/vbnet-to-ruby-converter,vbnet-to-ruby-converter,Vbnet To Ruby Converter,language_converter,Code,B,3,3,1,4,Noindex until unique examples exist,Programmatic long-tail converter with near-duplicate template and weak demand.
https://codeconvert.net/vbnet-to-php-converter,vbnet-to-php-converter,Vbnet To Php Converter,language_converter,Code,B,3,3,1,4,Noindex until unique examples exist,Programmatic long-tail converter with near-duplicate template and weak demand.
https://codeconvert.net/vbnet-to-swift-converter,vbnet-to-swift-converter,Vbnet To Swift Converter,language_converter,Code,B,3,3,1,4,Noindex until unique examples exist,Programmatic long-tail converter with near-duplicate template and weak demand.
https://codeconvert.net/vbnet-to-kotlin-converter,vbnet-to-kotlin-converter,Vbnet To Kotlin Converter,language_converter,Code,B,3,3,1,4,Noindex until unique examples exist,Programmatic long-tail converter with near-duplicate template and weak demand.
https://codeconvert.net/vbnet-to-sql-converter,vbnet-to-sql-converter,Vbnet To Sql Converter,language_converter,Code,B,3,3,1,4,Noindex until unique examples exist,Programmatic long-tail converter with near-duplicate template and weak demand.
https://codeconvert.net/vbnet-to-bash-converter,vbnet-to-bash-converter,Vbnet To Bash Converter,language_converter,Code,B,3,3,1,4,Noindex until unique examples exist,Programmatic long-tail converter with near-duplicate template and weak demand.
https://codeconvert.net/vbnet-to-r-converter,vbnet-to-r-converter,Vbnet To R Converter,language_converter,Code,B,3,3,1,4,Noindex until unique examples exist,Programmatic long-tail converter with near-duplicate template and weak demand.
https://codeconvert.net/vbnet-to-lua-converter,vbnet-to-lua-converter,Vbnet To Lua Converter,language_converter,Code,B,3,3,1,4,Noindex until unique examples exist,Programmatic long-tail converter with near-duplicate template and weak demand.
https://codeconvert.net/vbnet-to-dart-converter,vbnet-to-dart-converter,Vbnet To Dart Converter,language_converter,Code,B,3,3,1,4,Noindex until unique examples exist,Programmatic long-tail converter with near-duplicate template and weak demand.
https://codeconvert.net/vbnet-to-scala-converter,vbnet-to-scala-converter,Vbnet To Scala Converter,language_converter,Code,B,3,3,1,4,Noindex until unique examples exist,Programmatic long-tail converter with near-duplicate template and weak demand.
https://codeconvert.net/vbnet-to-perl-converter,vbnet-to-perl-converter,Vbnet To Perl Converter,language_converter,Code,B,3,3,1,4,Noindex until unique examples exist,Programmatic long-tail converter with near-duplicate template and weak demand.
https://codeconvert.net/vbnet-to-matlab-converter,vbnet-to-matlab-converter,Vbnet To Matlab Converter,language_converter,Code,B,3,3,1,4,Noindex until unique examples exist,Programmatic long-tail converter with near-duplicate template and weak demand.
https://codeconvert.net/vbnet-to-julia-converter,vbnet-to-julia-converter,Vbnet To Julia Converter,language_converter,Code,B,3,3,1,4,Noindex until unique examples exist,Programmatic long-tail converter with near-duplicate template and weak demand.
https://codeconvert.net/vbnet-to-haskell-converter,vbnet-to-haskell-converter,Vbnet To Haskell Converter,language_converter,Code,B,3,3,1,4,Noindex until unique examples exist,Programmatic long-tail converter with near-duplicate template and weak demand.
https://codeconvert.net/vbnet-to-elixir-converter,vbnet-to-elixir-converter,Vbnet To Elixir Converter,language_converter,Code,B,3,3,1,4,Noindex until unique examples exist,Programmatic long-tail converter with near-duplicate template and weak demand.
https://codeconvert.net/vbnet-to-clojure-converter,vbnet-to-clojure-converter,Vbnet To Clojure Converter,language_converter,Code,B,3,3,1,4,Noindex until unique examples exist,Programmatic long-tail converter with near-duplicate template and weak demand.
https://codeconvert.net/vbnet-to-cobol-converter,vbnet-to-cobol-converter,Vbnet To Cobol Converter,language_converter,Code,B,3,3,1,4,Noindex until unique examples exist,Programmatic long-tail converter with near-duplicate template and weak demand.
https://codeconvert.net/vbnet-to-fortran-converter,vbnet-to-fortran-converter,Vbnet To Fortran Converter,language_converter,Code,B,3,3,1,4,Noindex until unique examples exist,Programmatic long-tail converter with near-duplicate template and weak demand.
https://codeconvert.net/vbnet-to-pascal-converter,vbnet-to-pascal-converter,Vbnet To Pascal Converter,language_converter,Code,B,3,3,1,4,Noindex until unique examples exist,Programmatic long-tail converter with near-duplicate template and weak demand.
https://codeconvert.net/vbnet-to-powershell-converter,vbnet-to-powershell-converter,Vbnet To Powershell Converter,language_converter,Code,B,3,3,1,4,Noindex until unique examples exist,Programmatic long-tail converter with near-duplicate template and weak demand.
https://codeconvert.net/vbnet-to-objective-c-converter,vbnet-to-objective-c-converter,Vbnet To Objective C Converter,language_converter,Code,B,3,3,1,4,Noindex until unique examples exist,Programmatic long-tail converter with near-duplicate template and weak demand.
https://codeconvert.net/vbnet-to-assembly-converter,vbnet-to-assembly-converter,Vbnet To Assembly Converter,language_converter,Code,B,3,3,1,4,Noindex until unique examples exist,Programmatic long-tail converter with near-duplicate template and weak demand.
https://codeconvert.net/powershell-to-javascript-converter,powershell-to-javascript-converter,Powershell To Javascript Converter,language_converter,Code,A,6,7,4,4,Index after manual upgrade,Real conversion demand but needs language-pair examples and comparison.
https://codeconvert.net/powershell-to-python-converter,powershell-to-python-converter,Powershell To Python Converter,language_converter,Code,A,6,7,4,4,Index after manual upgrade,Real conversion demand but needs language-pair examples and comparison.
https://codeconvert.net/powershell-to-typescript-converter,powershell-to-typescript-converter,Powershell To Typescript Converter,language_converter,Code,A,6,7,4,4,Index after manual upgrade,Real conversion demand but needs language-pair examples and comparison.
https://codeconvert.net/powershell-to-java-converter,powershell-to-java-converter,Powershell To Java Converter,language_converter,Code,A,6,7,4,4,Index after manual upgrade,Real conversion demand but needs language-pair examples and comparison.
https://codeconvert.net/powershell-to-cpp-converter,powershell-to-cpp-converter,Powershell To Cpp Converter,language_converter,Code,A,6,7,4,4,Index after manual upgrade,Real conversion demand but needs language-pair examples and comparison.
https://codeconvert.net/powershell-to-csharp-converter,powershell-to-csharp-converter,Powershell To Csharp Converter,language_converter,Code,A,6,7,4,4,Index after manual upgrade,Real conversion demand but needs language-pair examples and comparison.
https://codeconvert.net/powershell-to-go-converter,powershell-to-go-converter,Powershell To Go Converter,language_converter,Code,A,6,7,4,4,Index after manual upgrade,Real conversion demand but needs language-pair examples and comparison.
https://codeconvert.net/powershell-to-rust-converter,powershell-to-rust-converter,Powershell To Rust Converter,language_converter,Code,A,6,7,4,4,Index after manual upgrade,Real conversion demand but needs language-pair examples and comparison.
https://codeconvert.net/powershell-to-ruby-converter,powershell-to-ruby-converter,Powershell To Ruby Converter,language_converter,Code,B,3,3,1,4,Noindex until unique examples exist,Programmatic long-tail converter with near-duplicate template and weak demand.
https://codeconvert.net/powershell-to-php-converter,powershell-to-php-converter,Powershell To Php Converter,language_converter,Code,A,6,7,4,4,Index after manual upgrade,Real conversion demand but needs language-pair examples and comparison.
https://codeconvert.net/powershell-to-swift-converter,powershell-to-swift-converter,Powershell To Swift Converter,language_converter,Code,B,3,3,1,4,Noindex until unique examples exist,Programmatic long-tail converter with near-duplicate template and weak demand.
https://codeconvert.net/powershell-to-kotlin-converter,powershell-to-kotlin-converter,Powershell To Kotlin Converter,language_converter,Code,B,3,3,1,4,Noindex until unique examples exist,Programmatic long-tail converter with near-duplicate template and weak demand.
https://codeconvert.net/powershell-to-sql-converter,powershell-to-sql-converter,Powershell To Sql Converter,language_converter,Code,A,6,7,4,4,Index after manual upgrade,Real conversion demand but needs language-pair examples and comparison.
https://codeconvert.net/powershell-to-bash-converter,powershell-to-bash-converter,Powershell To Bash Converter,language_converter,Code,A,6,7,4,4,Index after manual upgrade,Real conversion demand but needs language-pair examples and comparison.
https://codeconvert.net/powershell-to-r-converter,powershell-to-r-converter,Powershell To R Converter,language_converter,Code,B,3,3,1,4,Noindex until unique examples exist,Programmatic long-tail converter with near-duplicate template and weak demand.
https://codeconvert.net/powershell-to-lua-converter,powershell-to-lua-converter,Powershell To Lua Converter,language_converter,Code,B,3,3,1,4,Noindex until unique examples exist,Programmatic long-tail converter with near-duplicate template and weak demand.
https://codeconvert.net/powershell-to-dart-converter,powershell-to-dart-converter,Powershell To Dart Converter,language_converter,Code,B,3,3,1,4,Noindex until unique examples exist,Programmatic long-tail converter with near-duplicate template and weak demand.
https://codeconvert.net/powershell-to-scala-converter,powershell-to-scala-converter,Powershell To Scala Converter,language_converter,Code,B,3,3,1,4,Noindex until unique examples exist,Programmatic long-tail converter with near-duplicate template and weak demand.
https://codeconvert.net/powershell-to-perl-converter,powershell-to-perl-converter,Powershell To Perl Converter,language_converter,Code,B,3,3,1,4,Noindex until unique examples exist,Programmatic long-tail converter with near-duplicate template and weak demand.
https://codeconvert.net/powershell-to-matlab-converter,powershell-to-matlab-converter,Powershell To Matlab Converter,language_converter,Code,B,3,3,1,4,Noindex until unique examples exist,Programmatic long-tail converter with near-duplicate template and weak demand.
https://codeconvert.net/powershell-to-julia-converter,powershell-to-julia-converter,Powershell To Julia Converter,language_converter,Code,B,3,3,1,4,Noindex until unique examples exist,Programmatic long-tail converter with near-duplicate template and weak demand.
https://codeconvert.net/powershell-to-haskell-converter,powershell-to-haskell-converter,Powershell To Haskell Converter,language_converter,Code,B,3,3,1,4,Noindex until unique examples exist,Programmatic long-tail converter with near-duplicate template and weak demand.
https://codeconvert.net/powershell-to-elixir-converter,powershell-to-elixir-converter,Powershell To Elixir Converter,language_converter,Code,B,3,3,1,4,Noindex until unique examples exist,Programmatic long-tail converter with near-duplicate template and weak demand.
https://codeconvert.net/powershell-to-clojure-converter,powershell-to-clojure-converter,Powershell To Clojure Converter,language_converter,Code,B,3,3,1,4,Noindex until unique examples exist,Programmatic long-tail converter with near-duplicate template and weak demand.
https://codeconvert.net/powershell-to-cobol-converter,powershell-to-cobol-converter,Powershell To Cobol Converter,language_converter,Code,B,3,3,1,4,Noindex until unique examples exist,Programmatic long-tail converter with near-duplicate template and weak demand.
https://codeconvert.net/powershell-to-fortran-converter,powershell-to-fortran-converter,Powershell To Fortran Converter,language_converter,Code,B,3,3,1,4,Noindex until unique examples exist,Programmatic long-tail converter with near-duplicate template and weak demand.
https://codeconvert.net/powershell-to-pascal-converter,powershell-to-pascal-converter,Powershell To Pascal Converter,language_converter,Code,B,3,3,1,4,Noindex until unique examples exist,Programmatic long-tail converter with near-duplicate template and weak demand.
https://codeconvert.net/powershell-to-vbnet-converter,powershell-to-vbnet-converter,Powershell To Vbnet Converter,language_converter,Code,B,3,3,1,4,Noindex until unique examples exist,Programmatic long-tail converter with near-duplicate template and weak demand.
https://codeconvert.net/powershell-to-objective-c-converter,powershell-to-objective-c-converter,Powershell To Objective C Converter,language_converter,Code,B,3,3,1,4,Noindex until unique examples exist,Programmatic long-tail converter with near-duplicate template and weak demand.
https://codeconvert.net/powershell-to-assembly-converter,powershell-to-assembly-converter,Powershell To Assembly Converter,language_converter,Code,B,3,3,1,4,Noindex until unique examples exist,Programmatic long-tail converter with near-duplicate template and weak demand.
https://codeconvert.net/objective-c-to-javascript-converter,objective-c-to-javascript-converter,Objective C To Javascript Converter,language_converter,Code,B,3,3,1,4,Noindex until unique examples exist,Programmatic long-tail converter with near-duplicate template and weak demand.
https://codeconvert.net/objective-c-to-python-converter,objective-c-to-python-converter,Objective C To Python Converter,language_converter,Code,B,3,3,1,4,Noindex until unique examples exist,Programmatic long-tail converter with near-duplicate template and weak demand.
https://codeconvert.net/objective-c-to-typescript-converter,objective-c-to-typescript-converter,Objective C To Typescript Converter,language_converter,Code,B,3,3,1,4,Noindex until unique examples exist,Programmatic long-tail converter with near-duplicate template and weak demand.
https://codeconvert.net/objective-c-to-java-converter,objective-c-to-java-converter,Objective C To Java Converter,language_converter,Code,B,3,3,1,4,Noindex until unique examples exist,Programmatic long-tail converter with near-duplicate template and weak demand.
https://codeconvert.net/objective-c-to-cpp-converter,objective-c-to-cpp-converter,Objective C To Cpp Converter,language_converter,Code,B,3,3,1,4,Noindex until unique examples exist,Programmatic long-tail converter with near-duplicate template and weak demand.
https://codeconvert.net/objective-c-to-csharp-converter,objective-c-to-csharp-converter,Objective C To Csharp Converter,language_converter,Code,B,3,3,1,4,Noindex until unique examples exist,Programmatic long-tail converter with near-duplicate template and weak demand.
https://codeconvert.net/objective-c-to-go-converter,objective-c-to-go-converter,Objective C To Go Converter,language_converter,Code,B,3,3,1,4,Noindex until unique examples exist,Programmatic long-tail converter with near-duplicate template and weak demand.
https://codeconvert.net/objective-c-to-rust-converter,objective-c-to-rust-converter,Objective C To Rust Converter,language_converter,Code,B,3,3,1,4,Noindex until unique examples exist,Programmatic long-tail converter with near-duplicate template and weak demand.
https://codeconvert.net/objective-c-to-ruby-converter,objective-c-to-ruby-converter,Objective C To Ruby Converter,language_converter,Code,B,3,3,1,4,Noindex until unique examples exist,Programmatic long-tail converter with near-duplicate template and weak demand.
https://codeconvert.net/objective-c-to-php-converter,objective-c-to-php-converter,Objective C To Php Converter,language_converter,Code,B,3,3,1,4,Noindex until unique examples exist,Programmatic long-tail converter with near-duplicate template and weak demand.
https://codeconvert.net/objective-c-to-swift-converter,objective-c-to-swift-converter,Objective C To Swift Converter,language_converter,Code,B,3,3,1,4,Noindex until unique examples exist,Programmatic long-tail converter with near-duplicate template and weak demand.
https://codeconvert.net/objective-c-to-kotlin-converter,objective-c-to-kotlin-converter,Objective C To Kotlin Converter,language_converter,Code,B,3,3,1,4,Noindex until unique examples exist,Programmatic long-tail converter with near-duplicate template and weak demand.
https://codeconvert.net/objective-c-to-sql-converter,objective-c-to-sql-converter,Objective C To Sql Converter,language_converter,Code,B,3,3,1,4,Noindex until unique examples exist,Programmatic long-tail converter with near-duplicate template and weak demand.
https://codeconvert.net/objective-c-to-bash-converter,objective-c-to-bash-converter,Objective C To Bash Converter,language_converter,Code,B,3,3,1,4,Noindex until unique examples exist,Programmatic long-tail converter with near-duplicate template and weak demand.
https://codeconvert.net/objective-c-to-r-converter,objective-c-to-r-converter,Objective C To R Converter,language_converter,Code,B,3,3,1,4,Noindex until unique examples exist,Programmatic long-tail converter with near-duplicate template and weak demand.
https://codeconvert.net/objective-c-to-lua-converter,objective-c-to-lua-converter,Objective C To Lua Converter,language_converter,Code,B,3,3,1,4,Noindex until unique examples exist,Programmatic long-tail converter with near-duplicate template and weak demand.
https://codeconvert.net/objective-c-to-dart-converter,objective-c-to-dart-converter,Objective C To Dart Converter,language_converter,Code,B,3,3,1,4,Noindex until unique examples exist,Programmatic long-tail converter with near-duplicate template and weak demand.
https://codeconvert.net/objective-c-to-scala-converter,objective-c-to-scala-converter,Objective C To Scala Converter,language_converter,Code,B,3,3,1,4,Noindex until unique examples exist,Programmatic long-tail converter with near-duplicate template and weak demand.
https://codeconvert.net/objective-c-to-perl-converter,objective-c-to-perl-converter,Objective C To Perl Converter,language_converter,Code,B,3,3,1,4,Noindex until unique examples exist,Programmatic long-tail converter with near-duplicate template and weak demand.
https://codeconvert.net/objective-c-to-matlab-converter,objective-c-to-matlab-converter,Objective C To Matlab Converter,language_converter,Code,B,3,3,1,4,Noindex until unique examples exist,Programmatic long-tail converter with near-duplicate template and weak demand.
https://codeconvert.net/objective-c-to-julia-converter,objective-c-to-julia-converter,Objective C To Julia Converter,language_converter,Code,B,3,3,1,4,Noindex until unique examples exist,Programmatic long-tail converter with near-duplicate template and weak demand.
https://codeconvert.net/objective-c-to-haskell-converter,objective-c-to-haskell-converter,Objective C To Haskell Converter,language_converter,Code,B,3,3,1,4,Noindex until unique examples exist,Programmatic long-tail converter with near-duplicate template and weak demand.
https://codeconvert.net/objective-c-to-elixir-converter,objective-c-to-elixir-converter,Objective C To Elixir Converter,language_converter,Code,B,3,3,1,4,Noindex until unique examples exist,Programmatic long-tail converter with near-duplicate template and weak demand.
https://codeconvert.net/objective-c-to-clojure-converter,objective-c-to-clojure-converter,Objective C To Clojure Converter,language_converter,Code,B,3,3,1,4,Noindex until unique examples exist,Programmatic long-tail converter with near-duplicate template and weak demand.
https://codeconvert.net/objective-c-to-cobol-converter,objective-c-to-cobol-converter,Objective C To Cobol Converter,language_converter,Code,B,3,3,1,4,Noindex until unique examples exist,Programmatic long-tail converter with near-duplicate template and weak demand.
https://codeconvert.net/objective-c-to-fortran-converter,objective-c-to-fortran-converter,Objective C To Fortran Converter,language_converter,Code,B,3,3,1,4,Noindex until unique examples exist,Programmatic long-tail converter with near-duplicate template and weak demand.
https://codeconvert.net/objective-c-to-pascal-converter,objective-c-to-pascal-converter,Objective C To Pascal Converter,language_converter,Code,B,3,3,1,4,Noindex until unique examples exist,Programmatic long-tail converter with near-duplicate template and weak demand.
https://codeconvert.net/objective-c-to-vbnet-converter,objective-c-to-vbnet-converter,Objective C To Vbnet Converter,language_converter,Code,B,3,3,1,4,Noindex until unique examples exist,Programmatic long-tail converter with near-duplicate template and weak demand.
https://codeconvert.net/objective-c-to-powershell-converter,objective-c-to-powershell-converter,Objective C To Powershell Converter,language_converter,Code,B,3,3,1,4,Noindex until unique examples exist,Programmatic long-tail converter with near-duplicate template and weak demand.
https://codeconvert.net/objective-c-to-assembly-converter,objective-c-to-assembly-converter,Objective C To Assembly Converter,language_converter,Code,B,3,3,1,4,Noindex until unique examples exist,Programmatic long-tail converter with near-duplicate template and weak demand.
https://codeconvert.net/assembly-to-javascript-converter,assembly-to-javascript-converter,Assembly To Javascript Converter,language_converter,Code,B,3,3,1,4,Noindex until unique examples exist,Programmatic long-tail converter with near-duplicate template and weak demand.
https://codeconvert.net/assembly-to-python-converter,assembly-to-python-converter,Assembly To Python Converter,language_converter,Code,B,3,3,1,4,Noindex until unique examples exist,Programmatic long-tail converter with near-duplicate template and weak demand.
https://codeconvert.net/assembly-to-typescript-converter,assembly-to-typescript-converter,Assembly To Typescript Converter,language_converter,Code,B,3,3,1,4,Noindex until unique examples exist,Programmatic long-tail converter with near-duplicate template and weak demand.
https://codeconvert.net/assembly-to-java-converter,assembly-to-java-converter,Assembly To Java Converter,language_converter,Code,B,3,3,1,4,Noindex until unique examples exist,Programmatic long-tail converter with near-duplicate template and weak demand.
https://codeconvert.net/assembly-to-cpp-converter,assembly-to-cpp-converter,Assembly To Cpp Converter,language_converter,Code,B,3,3,1,4,Noindex until unique examples exist,Programmatic long-tail converter with near-duplicate template and weak demand.
https://codeconvert.net/assembly-to-csharp-converter,assembly-to-csharp-converter,Assembly To Csharp Converter,language_converter,Code,B,3,3,1,4,Noindex until unique examples exist,Programmatic long-tail converter with near-duplicate template and weak demand.
https://codeconvert.net/assembly-to-go-converter,assembly-to-go-converter,Assembly To Go Converter,language_converter,Code,B,3,3,1,4,Noindex until unique examples exist,Programmatic long-tail converter with near-duplicate template and weak demand.
https://codeconvert.net/assembly-to-rust-converter,assembly-to-rust-converter,Assembly To Rust Converter,language_converter,Code,B,3,3,1,4,Noindex until unique examples exist,Programmatic long-tail converter with near-duplicate template and weak demand.
https://codeconvert.net/assembly-to-ruby-converter,assembly-to-ruby-converter,Assembly To Ruby Converter,language_converter,Code,B,3,3,1,4,Noindex until unique examples exist,Programmatic long-tail converter with near-duplicate template and weak demand.
https://codeconvert.net/assembly-to-php-converter,assembly-to-php-converter,Assembly To Php Converter,language_converter,Code,B,3,3,1,4,Noindex until unique examples exist,Programmatic long-tail converter with near-duplicate template and weak demand.
https://codeconvert.net/assembly-to-swift-converter,assembly-to-swift-converter,Assembly To Swift Converter,language_converter,Code,B,3,3,1,4,Noindex until unique examples exist,Programmatic long-tail converter with near-duplicate template and weak demand.
https://codeconvert.net/assembly-to-kotlin-converter,assembly-to-kotlin-converter,Assembly To Kotlin Converter,language_converter,Code,B,3,3,1,4,Noindex until unique examples exist,Programmatic long-tail converter with near-duplicate template and weak demand.
https://codeconvert.net/assembly-to-sql-converter,assembly-to-sql-converter,Assembly To Sql Converter,language_converter,Code,B,3,3,1,4,Noindex until unique examples exist,Programmatic long-tail converter with near-duplicate template and weak demand.
https://codeconvert.net/assembly-to-bash-converter,assembly-to-bash-converter,Assembly To Bash Converter,language_converter,Code,B,3,3,1,4,Noindex until unique examples exist,Programmatic long-tail converter with near-duplicate template and weak demand.
https://codeconvert.net/assembly-to-r-converter,assembly-to-r-converter,Assembly To R Converter,language_converter,Code,B,3,3,1,4,Noindex until unique examples exist,Programmatic long-tail converter with near-duplicate template and weak demand.
https://codeconvert.net/assembly-to-lua-converter,assembly-to-lua-converter,Assembly To Lua Converter,language_converter,Code,B,3,3,1,4,Noindex until unique examples exist,Programmatic long-tail converter with near-duplicate template and weak demand.
https://codeconvert.net/assembly-to-dart-converter,assembly-to-dart-converter,Assembly To Dart Converter,language_converter,Code,B,3,3,1,4,Noindex until unique examples exist,Programmatic long-tail converter with near-duplicate template and weak demand.
https://codeconvert.net/assembly-to-scala-converter,assembly-to-scala-converter,Assembly To Scala Converter,language_converter,Code,B,3,3,1,4,Noindex until unique examples exist,Programmatic long-tail converter with near-duplicate template and weak demand.
https://codeconvert.net/assembly-to-perl-converter,assembly-to-perl-converter,Assembly To Perl Converter,language_converter,Code,B,3,3,1,4,Noindex until unique examples exist,Programmatic long-tail converter with near-duplicate template and weak demand.
https://codeconvert.net/assembly-to-matlab-converter,assembly-to-matlab-converter,Assembly To Matlab Converter,language_converter,Code,B,3,3,1,4,Noindex until unique examples exist,Programmatic long-tail converter with near-duplicate template and weak demand.
https://codeconvert.net/assembly-to-julia-converter,assembly-to-julia-converter,Assembly To Julia Converter,language_converter,Code,B,3,3,1,4,Noindex until unique examples exist,Programmatic long-tail converter with near-duplicate template and weak demand.
https://codeconvert.net/assembly-to-haskell-converter,assembly-to-haskell-converter,Assembly To Haskell Converter,language_converter,Code,B,3,3,1,4,Noindex until unique examples exist,Programmatic long-tail converter with near-duplicate template and weak demand.
https://codeconvert.net/assembly-to-elixir-converter,assembly-to-elixir-converter,Assembly To Elixir Converter,language_converter,Code,B,3,3,1,4,Noindex until unique examples exist,Programmatic long-tail converter with near-duplicate template and weak demand.
https://codeconvert.net/assembly-to-clojure-converter,assembly-to-clojure-converter,Assembly To Clojure Converter,language_converter,Code,B,3,3,1,4,Noindex until unique examples exist,Programmatic long-tail converter with near-duplicate template and weak demand.
https://codeconvert.net/assembly-to-cobol-converter,assembly-to-cobol-converter,Assembly To Cobol Converter,language_converter,Code,B,3,3,1,4,Noindex until unique examples exist,Programmatic long-tail converter with near-duplicate template and weak demand.
https://codeconvert.net/assembly-to-fortran-converter,assembly-to-fortran-converter,Assembly To Fortran Converter,language_converter,Code,B,3,3,1,4,Noindex until unique examples exist,Programmatic long-tail converter with near-duplicate template and weak demand.
https://codeconvert.net/assembly-to-pascal-converter,assembly-to-pascal-converter,Assembly To Pascal Converter,language_converter,Code,B,3,3,1,4,Noindex until unique examples exist,Programmatic long-tail converter with near-duplicate template and weak demand.
https://codeconvert.net/assembly-to-vbnet-converter,assembly-to-vbnet-converter,Assembly To Vbnet Converter,language_converter,Code,B,3,3,1,4,Noindex until unique examples exist,Programmatic long-tail converter with near-duplicate template and weak demand.
https://codeconvert.net/assembly-to-powershell-converter,assembly-to-powershell-converter,Assembly To Powershell Converter,language_converter,Code,B,3,3,1,4,Noindex until unique examples exist,Programmatic long-tail converter with near-duplicate template and weak demand.
https://codeconvert.net/assembly-to-objective-c-converter,assembly-to-objective-c-converter,Assembly To Objective C Converter,language_converter,Code,B,3,3,1,4,Noindex until unique examples exist,Programmatic long-tail converter with near-duplicate template and weak demand.
https://codeconvert.net/php-online-tool,php-online-tool,Php Online Tool,online,Developer,B,2,2,1,4,Noindex recommended,Simulated or brand-like online IDE page; likely thin/doorway unless real execution exists.
https://codeconvert.net/python2-online-tool,python2-online-tool,Python2 Online Tool,online,Developer,B,2,2,1,4,Noindex recommended,Simulated or brand-like online IDE page; likely thin/doorway unless real execution exists.
https://codeconvert.net/python3-online-tool,python3-online-tool,Python3 Online Tool,online,Developer,B,2,2,1,4,Noindex recommended,Simulated or brand-like online IDE page; likely thin/doorway unless real execution exists.
https://codeconvert.net/java-online-tool,java-online-tool,Java Online Tool,online,Developer,B,2,2,1,4,Noindex recommended,Simulated or brand-like online IDE page; likely thin/doorway unless real execution exists.
https://codeconvert.net/c-online-tool,c-online-tool,C Online Tool,online,Developer,B,2,2,1,4,Noindex recommended,Simulated or brand-like online IDE page; likely thin/doorway unless real execution exists.
https://codeconvert.net/cpp-online-tool,cpp-online-tool,Cpp Online Tool,online,Developer,B,2,2,1,4,Noindex recommended,Simulated or brand-like online IDE page; likely thin/doorway unless real execution exists.
https://codeconvert.net/ruby-online-tool,ruby-online-tool,Ruby Online Tool,online,Developer,B,2,2,1,4,Noindex recommended,Simulated or brand-like online IDE page; likely thin/doorway unless real execution exists.
https://codeconvert.net/csharp-online-tool,csharp-online-tool,Csharp Online Tool,online,Developer,B,2,2,1,4,Noindex recommended,Simulated or brand-like online IDE page; likely thin/doorway unless real execution exists.
https://codeconvert.net/scala-online-tool,scala-online-tool,Scala Online Tool,online,Developer,B,2,2,1,4,Noindex recommended,Simulated or brand-like online IDE page; likely thin/doorway unless real execution exists.
https://codeconvert.net/erlang-online-tool,erlang-online-tool,Erlang Online Tool,online,Developer,B,2,2,1,4,Noindex recommended,Simulated or brand-like online IDE page; likely thin/doorway unless real execution exists.
https://codeconvert.net/perl-online-tool,perl-online-tool,Perl Online Tool,online,Developer,B,2,2,1,4,Noindex recommended,Simulated or brand-like online IDE page; likely thin/doorway unless real execution exists.
https://codeconvert.net/bash-online-tool,bash-online-tool,Bash Online Tool,online,Developer,B,2,2,1,4,Noindex recommended,Simulated or brand-like online IDE page; likely thin/doorway unless real execution exists.
https://codeconvert.net/rust-online-tool,rust-online-tool,Rust Online Tool,online,Developer,B,2,2,1,4,Noindex recommended,Simulated or brand-like online IDE page; likely thin/doorway unless real execution exists.
https://codeconvert.net/swift-online-tool,swift-online-tool,Swift Online Tool,online,Developer,B,2,2,1,4,Noindex recommended,Simulated or brand-like online IDE page; likely thin/doorway unless real execution exists.
https://codeconvert.net/go-online-tool,go-online-tool,Go Online Tool,online,Developer,B,2,2,1,4,Noindex recommended,Simulated or brand-like online IDE page; likely thin/doorway unless real execution exists.
https://codeconvert.net/nodejs-online-tool,nodejs-online-tool,Nodejs Online Tool,online,Developer,B,2,2,1,4,Noindex recommended,Simulated or brand-like online IDE page; likely thin/doorway unless real execution exists.
https://codeconvert.net/lua-online-tool,lua-online-tool,Lua Online Tool,online,Developer,B,2,2,1,4,Noindex recommended,Simulated or brand-like online IDE page; likely thin/doorway unless real execution exists.
https://codeconvert.net/pascal-online-tool,pascal-online-tool,Pascal Online Tool,online,Developer,B,2,2,1,4,Noindex recommended,Simulated or brand-like online IDE page; likely thin/doorway unless real execution exists.
https://codeconvert.net/kotlin-online-tool,kotlin-online-tool,Kotlin Online Tool,online,Developer,B,2,2,1,4,Noindex recommended,Simulated or brand-like online IDE page; likely thin/doorway unless real execution exists.
https://codeconvert.net/typescript-online-tool,typescript-online-tool,Typescript Online Tool,online,Developer,B,2,2,1,4,Noindex recommended,Simulated or brand-like online IDE page; likely thin/doorway unless real execution exists.
https://codeconvert.net/vbnet-online-tool,vbnet-online-tool,Vbnet Online Tool,online,Developer,B,2,2,1,4,Noindex recommended,Simulated or brand-like online IDE page; likely thin/doorway unless real execution exists.
https://codeconvert.net/r-online-tool,r-online-tool,R Online Tool,online,Developer,B,2,2,1,4,Noindex recommended,Simulated or brand-like online IDE page; likely thin/doorway unless real execution exists.
https://codeconvert.net/assembly-online-tool,assembly-online-tool,Assembly Online Tool,online,Developer,B,2,2,1,4,Noindex recommended,Simulated or brand-like online IDE page; likely thin/doorway unless real execution exists.
https://codeconvert.net/groovy-online-tool,groovy-online-tool,Groovy Online Tool,online,Developer,B,2,2,1,4,Noindex recommended,Simulated or brand-like online IDE page; likely thin/doorway unless real execution exists.
https://codeconvert.net/html-online-tool,html-online-tool,Html Online Tool,online,Developer,A,7,9,6,7,Index and upgrade first,Clear standalone search demand and direct utility intent.
https://codeconvert.net/css-online-tool,css-online-tool,Css Online Tool,online,Developer,A,7,9,6,7,Index and upgrade first,Clear standalone search demand and direct utility intent.
https://codeconvert.net/javascript-online-tool,javascript-online-tool,Javascript Online Tool,online,Developer,A,7,9,6,7,Index and upgrade first,Clear standalone search demand and direct utility intent.
https://codeconvert.net/sql-online-tool,sql-online-tool,Sql Online Tool,online,Developer,A,7,9,6,7,Index and upgrade first,Clear standalone search demand and direct utility intent.
https://codeconvert.net/markdown-online-tool,markdown-online-tool,Markdown Online Tool,online,Developer,B,2,2,1,4,Noindex recommended,Simulated or brand-like online IDE page; likely thin/doorway unless real execution exists.
https://codeconvert.net/xml-online-tool,xml-online-tool,Xml Online Tool,online,Developer,A,7,9,6,7,Index and upgrade first,Clear standalone search demand and direct utility intent.
https://codeconvert.net/json-online-tool,json-online-tool,Json Online Tool,online,Developer,A,7,9,6,7,Index and upgrade first,Clear standalone search demand and direct utility intent.
https://codeconvert.net/yaml-online-tool,yaml-online-tool,Yaml Online Tool,online,Developer,A,7,9,6,7,Index and upgrade first,Clear standalone search demand and direct utility intent.
https://codeconvert.net/react-online-tool,react-online-tool,React Online Tool,online,Developer,B,2,2,1,4,Noindex recommended,Simulated or brand-like online IDE page; likely thin/doorway unless real execution exists.
https://codeconvert.net/vue-online-tool,vue-online-tool,Vue Online Tool,online,Developer,B,2,2,1,4,Noindex recommended,Simulated or brand-like online IDE page; likely thin/doorway unless real execution exists.
https://codeconvert.net/angular-online-tool,angular-online-tool,Angular Online Tool,online,Developer,B,2,2,1,4,Noindex recommended,Simulated or brand-like online IDE page; likely thin/doorway unless real execution exists.
https://codeconvert.net/dart-online-tool,dart-online-tool,Dart Online Tool,online,Developer,B,2,2,1,4,Noindex recommended,Simulated or brand-like online IDE page; likely thin/doorway unless real execution exists.
https://codeconvert.net/julia-online-tool,julia-online-tool,Julia Online Tool,online,Developer,B,2,2,1,4,Noindex recommended,Simulated or brand-like online IDE page; likely thin/doorway unless real execution exists.
https://codeconvert.net/haskell-online-tool,haskell-online-tool,Haskell Online Tool,online,Developer,B,2,2,1,4,Noindex recommended,Simulated or brand-like online IDE page; likely thin/doorway unless real execution exists.
https://codeconvert.net/elixir-online-tool,elixir-online-tool,Elixir Online Tool,online,Developer,B,2,2,1,4,Noindex recommended,Simulated or brand-like online IDE page; likely thin/doorway unless real execution exists.
https://codeconvert.net/clojure-online-tool,clojure-online-tool,Clojure Online Tool,online,Developer,B,2,2,1,4,Noindex recommended,Simulated or brand-like online IDE page; likely thin/doorway unless real execution exists.
https://codeconvert.net/cobol-online-tool,cobol-online-tool,Cobol Online Tool,online,Developer,B,2,2,1,4,Noindex recommended,Simulated or brand-like online IDE page; likely thin/doorway unless real execution exists.
https://codeconvert.net/fortran-online-tool,fortran-online-tool,Fortran Online Tool,online,Developer,B,2,2,1,4,Noindex recommended,Simulated or brand-like online IDE page; likely thin/doorway unless real execution exists.
https://codeconvert.net/objective-c-online-tool,objective-c-online-tool,Objective C Online Tool,online,Developer,B,2,2,1,4,Noindex recommended,Simulated or brand-like online IDE page; likely thin/doorway unless real execution exists.
https://codeconvert.net/powershell-online-tool,powershell-online-tool,Powershell Online Tool,online,Developer,B,2,2,1,4,Noindex recommended,Simulated or brand-like online IDE page; likely thin/doorway unless real execution exists.
https://codeconvert.net/matlab-online-tool,matlab-online-tool,Matlab Online Tool,online,Developer,B,2,2,1,4,Noindex recommended,Simulated or brand-like online IDE page; likely thin/doorway unless real execution exists.
https://codeconvert.net/regexr,regexr,Regexr,online,Developer,B,2,2,1,4,Noindex recommended,Simulated or brand-like online IDE page; likely thin/doorway unless real execution exists.
https://codeconvert.net/online-compiler,online-compiler,Online Compiler,online,Developer,B,2,2,1,4,Noindex recommended,Simulated or brand-like online IDE page; likely thin/doorway unless real execution exists.
https://codeconvert.net/rextester,rextester,Rextester,online,Developer,B,2,2,1,4,Noindex recommended,Simulated or brand-like online IDE page; likely thin/doorway unless real execution exists.
https://codeconvert.net/ideone,ideone,Ideone,online,Developer,B,2,2,1,4,Noindex recommended,Simulated or brand-like online IDE page; likely thin/doorway unless real execution exists.
https://codeconvert.net/gdb-online-debugger,gdb-online-debugger,Gdb Online Debugger,online,Developer,B,2,2,1,4,Noindex recommended,Simulated or brand-like online IDE page; likely thin/doorway unless real execution exists.
https://codeconvert.net/jsfiddle,jsfiddle,Jsfiddle,online,Developer,B,2,2,1,4,Noindex recommended,Simulated or brand-like online IDE page; likely thin/doorway unless real execution exists.
https://codeconvert.net/codepen,codepen,Codepen,online,Developer,B,2,2,1,4,Noindex recommended,Simulated or brand-like online IDE page; likely thin/doorway unless real execution exists.
https://codeconvert.net/json-parser,json-parser,Json Parser,online,Developer,A,7,9,6,7,Index and upgrade first,Clear standalone search demand and direct utility intent.
https://codeconvert.net/postman,postman,Postman,online,Developer,B,2,2,1,4,Noindex recommended,Simulated or brand-like online IDE page; likely thin/doorway unless real execution exists.
https://codeconvert.net/api-docs-mock,api-docs-mock,Api Docs Mock,online,Developer,B,2,2,1,4,Noindex recommended,Simulated or brand-like online IDE page; likely thin/doorway unless real execution exists.
https://codeconvert.net/redis-online-test,redis-online-test,Redis Online Test,online,Developer,B,2,2,1,4,Noindex recommended,Simulated or brand-like online IDE page; likely thin/doorway unless real execution exists.
https://codeconvert.net/paiza,paiza,Paiza,online,Developer,B,2,2,1,4,Noindex recommended,Simulated or brand-like online IDE page; likely thin/doorway unless real execution exists.
https://codeconvert.net/learn-git-branching,learn-git-branching,Learn Git Branching,online,Developer,B,2,2,1,4,Noindex recommended,Simulated or brand-like online IDE page; likely thin/doorway unless real execution exists.
https://codeconvert.net/js-bin,js-bin,Js Bin,online,Developer,B,2,2,1,4,Noindex recommended,Simulated or brand-like online IDE page; likely thin/doorway unless real execution exists.
https://codeconvert.net/regex-visualizer,regex-visualizer,Regex Visualizer,online,Developer,B,2,2,1,4,Noindex recommended,Simulated or brand-like online IDE page; likely thin/doorway unless real execution exists.
https://codeconvert.net/code-to-image,code-to-image,Code To Image,online,Developer,A,7,9,6,7,Index and upgrade first,Clear standalone search demand and direct utility intent.
https://codeconvert.net/algorithm-visual-learning,algorithm-visual-learning,Algorithm Visual Learning,online,Developer,B,2,2,1,4,Noindex recommended,Simulated or brand-like online IDE page; likely thin/doorway unless real execution exists.
https://codeconvert.net/asciiflow,asciiflow,Asciiflow,online,Developer,B,2,2,1,4,Noindex recommended,Simulated or brand-like online IDE page; likely thin/doorway unless real execution exists.
https://codeconvert.net/codelF,codelF,CodelF,online,Developer,B,2,2,1,4,Noindex recommended,Simulated or brand-like online IDE page; likely thin/doorway unless real execution exists.
https://codeconvert.net/desmos,desmos,Desmos,online,Developer,B,2,2,1,4,Noindex recommended,Simulated or brand-like online IDE page; likely thin/doorway unless real execution exists.
https://codeconvert.net/sql-online-ide,sql-online-ide,Sql Online Ide,online,Developer,B,2,2,1,4,Noindex recommended,Simulated or brand-like online IDE page; likely thin/doorway unless real execution exists.
https://codeconvert.net/regex101,regex101,Regex101,online,Developer,B,2,2,1,4,Noindex recommended,Simulated or brand-like online IDE page; likely thin/doorway unless real execution exists.
https://codeconvert.net/webvm,webvm,Webvm,online,Developer,B,2,2,1,4,Noindex recommended,Simulated or brand-like online IDE page; likely thin/doorway unless real execution exists.
https://codeconvert.net/jsitor,jsitor,Jsitor,online,Developer,B,2,2,1,4,Noindex recommended,Simulated or brand-like online IDE page; likely thin/doorway unless real execution exists.
https://codeconvert.net/playcode,playcode,Playcode,online,Developer,B,2,2,1,4,Noindex recommended,Simulated or brand-like online IDE page; likely thin/doorway unless real execution exists.
https://codeconvert.net/jseditor,jseditor,Jseditor,online,Developer,B,2,2,1,4,Noindex recommended,Simulated or brand-like online IDE page; likely thin/doorway unless real execution exists.
https://codeconvert.net/liveweave,liveweave,Liveweave,online,Developer,B,2,2,1,4,Noindex recommended,Simulated or brand-like online IDE page; likely thin/doorway unless real execution exists.
https://codeconvert.net/replit,replit,Replit,online,Developer,B,2,2,1,4,Noindex recommended,Simulated or brand-like online IDE page; likely thin/doorway unless real execution exists.
https://codeconvert.net/codesandbox,codesandbox,Codesandbox,online,Developer,B,2,2,1,4,Noindex recommended,Simulated or brand-like online IDE page; likely thin/doorway unless real execution exists.
https://codeconvert.net/jdoodle,jdoodle,Jdoodle,online,Developer,B,2,2,1,4,Noindex recommended,Simulated or brand-like online IDE page; likely thin/doorway unless real execution exists.
https://codeconvert.net/stackblitz,stackblitz,Stackblitz,online,Developer,B,2,2,1,4,Noindex recommended,Simulated or brand-like online IDE page; likely thin/doorway unless real execution exists.
https://codeconvert.net/apipost,apipost,Apipost,online,Developer,B,2,2,1,4,Noindex recommended,Simulated or brand-like online IDE page; likely thin/doorway unless real execution exists.
https://codeconvert.net/drawdb,drawdb,Drawdb,online,Developer,B,2,2,1,4,Noindex recommended,Simulated or brand-like online IDE page; likely thin/doorway unless real execution exists.
https://codeconvert.net/hoppscotch,hoppscotch,Hoppscotch,online,Developer,B,2,2,1,4,Noindex recommended,Simulated or brand-like online IDE page; likely thin/doorway unless real execution exists.
https://codeconvert.net/deepsite,deepsite,Deepsite,online,Developer,B,2,2,1,4,Noindex recommended,Simulated or brand-like online IDE page; likely thin/doorway unless real execution exists.
https://codeconvert.net/code-wiki,code-wiki,Code Wiki,online,Developer,B,2,2,1,4,Noindex recommended,Simulated or brand-like online IDE page; likely thin/doorway unless real execution exists.